rental_id,temperature_c,humidity_pct,wind_speed_mps,distance_km,ride_duration_min,bike_age_months,late_return,temperature_c_outlier,bad_weather,avg_speed_kmh,station_zone_공원,station_zone_대학가,station_zone_도심,station_zone_주거,member_type_연회원,member_type_월회원,member_type_일일권,weather_맑음,weather_비,weather_흐림
R0001,1.3342981713826785,1.0120439082515338,1.7086567397594241,0.14348752685302904,-0.17287356215828673,0.522602249999374,0,0,1,0.4650659130558235,True,False,False,False,False,False,True,False,True,False
R0002,0.07127354539901748,0.8448751204226579,0.9890341248846158,-1.1843987081697356,-1.0509933926056103,0.9852855727923309,0,0,0,-0.9832766260312675,False,False,True,False,False,True,False,False,False,True
R0003,-0.05194836933109591,-0.42978688677251764,-1.6016072886646944,-1.1170421600164069,-0.9816681428334532,0.8002122436751481,0,0,0,-0.8989328492439778,True,False,False,False,False,False,True,True,False,False
R0004,0.887618730486018,1.032940006730143,-0.8819846737898859,1.404017213722465,0.8554509761287102,-0.12515440191076557,0,0,0,0.8153486369866776,True,False,False,False,True,False,False,False,False,True
R0005,-1.5152086067511912,-1.1263235027261655,-1.7455318116396559,-0.34725303826407977,-0.2999698534072416,1.8181155538196532,0,0,0,-0.1894613885954155,True,False,False,False,False,True,False,True,False,False
R0006,0.9184242091685463,1.9175415089912762,2.2843548316592717,0.4850814496306242,1.3522819328291695,-0.21769106646935696,1,0,1,-0.558018893185073,False,False,False,True,False,True,False,False,True,False
R0007,0.5179529862956779,0.029927279756890076,0.7011850789346928,-0.5397003187021615,-0.5541624359051509,0.4300655854407826,0,0,0,-0.20058389714815805,False,False,True,False,False,True,False,True,False,False
R0008,-1.407389431362342,1.645892228769353,1.4208076938095013,-0.12112748374933358,-0.39240351977011784,0.2449922563235999,1,0,1,0.35015898017999786,False,True,False,False,False,False,True,False,True,False
R0009,-1.4535976493861344,1.4369312439832587,0.6292228174472115,-0.1307498477712377,0.6705836434029577,0.2449922563235999,0,0,1,-0.7775807701227713,False,False,False,True,True,False,False,False,True,False
R0010,0.00966258803396051,0.057788744395035896,-1.24179598122729,-0.41460958641740825,-0.796800810107701,-0.032617737352174214,0,0,0,0.5021751870672588,False,True,False,False,True,False,False,False,False,True
R0011,-1.607625042798776,-1.3770766844694784,1.4927699552969818,-0.6792245970197709,-0.17287356215828673,-0.7729110538209052,0,0,0,-0.8903232988958277,False,False,False,True,False,True,False,True,False,False
R0012,0.3023146355179799,2.0011259029057142,-0.9539469352773667,-1.0496856118630784,-1.1896438921499244,-0.21769106646935696,0,0,0,-0.34050017782843817,False,False,False,True,False,True,False,False,False,True
R0013,1.395909128747735,-1.1054274042475558,0.05352472554736497,-0.6503575049540586,-0.958559726242734,0.4300655854407826,0,0,0,0.28088129519620214,False,True,False,False,True,False,False,True,False,False
R0014,0.7797995550971685,-0.3810293236557621,-0.8819846737898859,-0.2221623059793265,0.20841531158857704,1.077822237350922,0,0,0,-0.5374421854741448,True,False,False,False,False,False,True,False,False,True
R0015,0.5795639436607348,-0.8407434901851698,-0.6660978893274434,-0.46753258853788093,-0.17287356215828673,0.8002122436751481,0,0,0,-0.5415681800310755,True,False,False,False,True,False,False,True,False,False
R0016,-0.5140305495690207,0.46874534780768856,0.05352472554736497,0.5139485416963363,0.16219847840713914,-0.5878377247037224,0,0,0,0.5536556118541318,False,False,False,True,False,False,True,True,False,False
R0017,-0.03654562998983153,-1.864652315637032,-0.8819846737898859,0.11462043478731652,-0.21909039533972505,-0.3102277310279483,0,0,0,0.48806075605789445,False,False,False,True,False,False,True,True,False,False
R0018,-1.1763483412433797,-0.42282152061298106,-0.6660978893274434,-0.9678955176768936,-0.9470055179473745,-0.032617737352174214,0,0,0,-0.5626160443475883,False,False,False,True,True,False,False,True,False,False
R0019,1.0262433845573953,-1.1959771643215305,-0.5941356278399625,2.4985611212140544,-1.0509933926056103,0.522602249999374,1,0,0,9.276392813910883,False,False,False,True,False,False,True,True,False,False
R0020,-0.3600031561563791,1.9314722413103493,2.1404303086843095,0.28782298718159033,0.9363304341962267,0.05991892720641715,1,0,1,-0.48709627316776977,True,False,False,False,False,True,False,False,True,False
R0021,-0.9453072511244173,-0.1163454095933761,-2.10534311907706,0.6101721819153773,0.35862001942825084,-0.8654477183794965,0,0,0,0.4355474547193084,False,True,False,False,False,True,False,True,False,False
R0022,-0.9607099904656812,-0.6944708008349036,-0.23432432040255835,1.2308146613281912,1.3638361411245288,-0.49530106014513103,0,0,0,0.15132048088816683,False,True,False,False,True,False,False,True,False,False
R0023,0.9030214698272819,-0.06758784647662054,0.05352472554736497,-0.8716718774578527,-0.9238971013566556,-0.6803743892623138,0,0,0,-0.35579253820154144,False,True,False,False,False,True,False,True,False,False
R0024,0.6719803797083195,-0.19992980350781356,-0.16236205891507743,1.4569402158429372,1.5487034738502812,0.6151389145579653,0,0,0,0.2175538846674802,False,True,False,False,False,False,True,True,False,False
R0025,-1.114737383878323,1.7643034534814734,0.2694115100098077,-0.7850706012607157,-0.6465961022680271,0.2449922563235999,0,0,1,-0.5761157090471445,False,False,True,False,True,False,False,False,True,False
R0026,-0.11355932669615233,0.46874534780768856,-1.9614185961020985,0.056886250655892145,-0.17287356215828673,-1.698277699406819,0,0,0,0.3223933644293337,False,False,False,True,False,True,False,True,False,False
R0027,1.5499365221603765,2.614078124944924,-0.5221733663524817,2.4985611212140544,2.397937783559206,0.522602249999374,0,0,0,0.4572948868454445,False,False,True,False,False,False,True,False,False,True
R0028,1.3188954320414141,1.0956283021659716,-0.16236205891507743,2.4985611212140544,2.397937783559206,-0.21769106646935696,0,0,0,0.4572948868454445,False,False,True,False,False,False,True,False,False,True
R0029,-1.5460140854337192,-0.6875054346753671,0.1974492485223268,-0.24621821603408686,-0.4039577280654771,-1.0505210474966793,0,0,0,0.13817961188549246,False,False,False,True,False,False,True,True,False,False
R0030,0.7797995550971685,0.11351167367132753,-0.01843753594011562,0.7160181861563222,0.5434873521540033,-0.3102277310279483,0,0,0,0.35806150158595595,False,False,True,False,False,True,False,False,False,True
R0031,-6.459487935296987,0.3572994892551043,-0.5941356278399625,0.06650861467779624,0.40483685260968916,-1.3281310411724534,0,1,0,-0.32507400666799807,False,True,False,False,False,False,True,False,False,True
R0032,0.31771737485924373,0.8239790219440486,-0.5221733663524817,2.4985611212140544,2.397937783559206,0.2449922563235999,0,0,0,0.4572948868454445,True,False,False,False,False,False,True,False,False,True
R0033,-0.4370168528626999,-0.2765488312627149,-0.5941356278399625,-0.5974345028335861,-0.5657166442005106,-0.21769106646935696,0,0,0,-0.2999217654348937,False,False,True,False,False,True,False,True,False,False
R0034,1.904199527009453,1.1513512314422634,-0.6660978893274434,-0.45309904250502464,-0.4039577280654771,-1.0505210474966793,0,0,0,-0.24371297309264114,False,False,True,False,False,True,False,False,False,True
R0035,0.1636899814466021,0.3921263200527867,-0.01843753594011562,-1.0544967938740304,-0.8776802681752175,-0.21769106646935696,0,0,0,-0.8819531760430736,True,False,False,False,True,False,False,True,False,False
R0036,0.3793283322243007,-0.7501937301111953,-1.0978714582523283,-1.4826919928487623,-1.8597879732807765,0.9852855727923309,0,0,0,-0.10205746773447295,False,True,False,False,True,False,False,True,False,False
R0037,0.5333557256369422,-1.4049381491076247,-0.23432432040255835,0.11943161679826847,0.06976481204426291,-0.9579843829380879,0,0,0,0.09896493682987911,False,True,False,False,False,True,False,True,False,False
R0038,-0.5910442462753415,-0.9730854472163628,0.6292228174472115,1.0287450168682053,0.9825472673776651,-1.513204370289636,0,0,0,0.27450327817708514,False,False,False,True,False,True,False,True,False,False
R0039,-0.3600031561563791,-0.33227176053900653,1.1329586478595777,-0.7706370552278597,-0.6119334773819485,-0.12515440191076557,0,0,0,-0.5911608151767694,False,False,True,False,False,False,True,True,False,False
R0040,0.31771737485924373,2.614078124944924,0.1974492485223268,0.8555424644739315,0.49727051897256497,0.15245559176500853,0,0,0,0.5849342428444723,True,False,False,False,False,True,False,True,False,False
R0041,-0.0211428906485677,0.5523297417221266,-0.23432432040255835,0.4032913554444395,0.39328264431432947,2.003188882936836,0,0,0,0.12457433424154182,False,True,False,False,False,False,True,True,False,False
R0042,0.1328845027640739,-1.1681156996833841,-1.1698337197398092,-0.6359239589212023,-1.1318728506731268,-0.032617737352174214,0,0,0,0.7714194276631882,False,False,False,True,False,True,False,True,False,False
R0043,-0.5140305495690207,-0.6666093361967579,-1.4576827656897329,2.4985611212140544,2.397937783559206,-0.8654477183794965,0,0,0,0.4572948868454445,False,False,False,True,False,True,False,True,False,False
R0044,-0.4062113741801717,0.1901307014262294,0.1974492485223268,-0.366497766307888,-0.2884156451118819,0.4300655854407826,0,0,0,-0.2377585168258046,False,False,False,True,False,True,False,True,False,False
R0045,-1.9156798296240591,0.3572994892551043,-0.30628658189003927,-0.7080916890854831,-0.2537530202258037,-1.6057410348482275,0,0,0,-0.8653489607749894,False,False,True,False,False,True,False,False,False,True
R0046,-1.0531264265132663,0.029927279756890076,0.12548698703484587,-0.18367284989171012,0.24307793647465567,0.6151389145579653,0,0,0,-0.5147902992828604,False,False,False,True,False,False,True,False,False,True
R0047,1.6269502188666973,0.6150180371579542,0.12548698703484587,-1.1988322542025915,-1.1318728506731268,2.465872205729793,0,0,0,-0.903251555729296,False,False,False,True,False,False,True,False,False,True
R0048,0.7335913370733764,-0.06758784647662054,1.4208076938095013,-0.8187488753373802,0.023547978862824996,-0.032617737352174214,0,0,0,-1.260241122017711,False,False,False,True,False,True,False,True,False,False
R0049,-0.4986278102277563,-0.46461371757020004,-0.23432432040255835,0.4321584475101516,0.39328264431432947,0.8927489082337394,0,0,0,0.16221560238980687,False,False,True,False,False,True,False,True,False,False
R0050,-0.05194836933109591,-0.5551634776441741,-1.6735695501521752,-0.08263802766171718,0.04665639545354395,-1.235594376613862,0,0,0,-0.17487266480787006,False,False,True,False,True,False,False,True,False,False
R0051,1.1032570812637161,-0.6666093361967579,0.7011850789346928,-1.2709999843668724,-0.8776802681752175,-0.5878377247037224,0,0,0,-1.4126950569336147,False,False,True,False,False,False,True,True,False,False
R0052,-0.5140305495690207,-0.6039210407609297,0.7011850789346928,-0.2606517620669429,-0.9354513096520151,1.077822237350922,0,0,0,1.2247972344918794,False,False,False,True,False,True,False,False,False,True
R0053,0.5333557256369422,0.8866673173798774,-0.45021110486500077,-0.5397003187021615,-0.46172876954227465,-1.7908143639654102,0,0,0,-0.3293809182711828,False,True,False,False,False,True,False,False,False,True
R0054,0.7335913370733764,-0.06758784647662054,-0.8100224123024049,-1.0160073377864138,-1.3976196414663957,0.4300655854407826,0,0,0,0.3402274330076448,False,False,True,False,True,False,False,False,False,True
R0055,-0.3908086348389073,-0.3392371266985431,1.060996386372097,-0.9149725155564211,-1.154981267263846,1.077822237350922,0,0,0,-0.004623417818511378,False,False,True,False,False,True,False,True,False,False
R0056,-1.0069182084894737,1.221004893037628,2.7161284005841564,0.6679063660468019,1.028764100559103,0.7076755791165568,0,0,0,-0.1490820117788933,False,False,False,True,False,True,False,False,False,True
R0057,-2.855246929441173,1.8478878473959113,1.34884543232202,-0.8668606954469007,-0.8199092266984199,-1.3281310411724534,0,1,1,-0.5131556126550311,True,False,False,False,False,True,False,False,True,False
R0058,-0.05194836933109591,0.14137313830947384,-0.16236205891507743,0.9084654665944042,1.051872517149822,-0.7729110538209052,0,0,1,0.08525725620996312,False,True,False,False,False,False,True,False,True,False
R0059,-0.29839219879132267,-1.1263235027261655,-2.177305380564541,-0.8620495134359486,-0.6928129354494652,0.15245559176500853,0,0,0,-0.680530567818578,False,False,False,True,False,True,False,True,False,False
R0060,0.4409392895893571,-1.69051816164862,-0.8100224123024049,-1.1747763441478314,-1.247414933626722,-0.5878377247037224,0,0,0,-0.6208307070457915,False,False,False,True,False,True,False,True,False,False
R0061,0.17909272078786648,-0.46461371757020004,-0.9539469352773667,-0.32319712820931945,-0.6812587271541057,-0.49530106014513103,0,0,0,0.4674102976576671,False,False,False,True,False,True,False,True,False,False
R0062,0.8414105124622254,-0.03972638183847472,-1.9614185961020985,1.5772197661167382,1.6295829319177981,-0.4027643955865397,0,0,0,0.26371128302545543,False,False,True,False,False,False,True,True,False,False
R0063,1.7963803516206032,-0.5899903084418565,-1.7455318116396559,-0.9678955176768936,-0.600379269086589,-0.49530106014513103,0,0,0,-1.0116109241264004,False,True,False,False,False,True,False,True,False,False
R0065,-1.222556559267172,0.3851609538932506,0.7731473404221734,-0.6696022329978668,0.21996951988393673,0.6151389145579653,0,0,0,-1.1709126445279234,False,False,True,False,False,True,False,False,False,True
R0066,1.5807420008429052,-1.7462410909249122,-1.0259091967648475,-0.5685674107678739,-0.18442777045364642,-0.49530106014513103,0,0,0,-0.6967513545431311,False,False,False,True,False,False,True,True,False,False
R0067,-1.1609456019021154,-0.0466917479980113,-0.45021110486500077,-0.9438396076221333,-0.8199092266984199,-0.5878377247037224,0,0,0,-0.6946058283441047,False,False,False,True,False,True,False,False,False,True
R0068,-0.3600031561563791,-0.24172200046503253,-1.0978714582523283,-0.5830009568007299,-0.5772708524958701,0.2449922563235999,0,0,0,-0.2541234131883021,True,False,False,False,False,False,True,True,False,False
R0069,0.3485228535417725,-0.5064059145274186,-1.7455318116396559,0.25414471310492587,0.4510536857911271,0.05991892720641715,0,0,0,-0.12662885110903496,False,False,False,True,True,False,False,True,False,False
R0070,-0.08275384801362412,0.6080526709984182,-0.30628658189003927,-1.0015737917535579,-0.8545718515844986,0.6151389145579653,0,0,0,-0.7843486761627654,False,True,False,False,False,False,True,False,False,True
R0071,-0.6372524642991341,0.5662604740411987,-1.0259091967648475,0.06650861467779624,-0.16131935386292745,0.4300655854407826,0,0,0,0.3215032504895966,True,False,False,False,False,True,False,False,False,True
R0072,1.3651036500652067,-1.3561805859908693,1.34884543232202,2.067960331233847,2.3228354296393694,2.373335541171201,0,0,0,0.18161365226886672,False,False,True,False,False,True,False,True,False,False
R0073,-0.4062113741801717,-1.3283191213527235,-1.24179598122729,-1.1170421600164069,-1.8597879732807765,0.05991892720641715,0,0,0,2.6990802369656057,False,False,True,False,False,False,True,True,False,False
R0074,2.0736296597633577,-0.29047956358178806,-1.24179598122729,-1.121853342027359,-0.5772708524958701,0.6151389145579653,0,0,0,-1.3476313355529197,False,False,True,False,False,True,False,True,False,False
R0075,-0.15976754471994492,-0.06758784647662054,0.7011850789346928,0.6390392739810894,0.4626078940864868,0.8002122436751481,0,0,0,0.35169747711402727,True,False,False,False,True,False,False,True,False,False
R0076,-1.1763483412433797,0.9841824436133875,1.2049209093470588,-0.08744920967266934,0.05821060374890363,-1.235594376613862,0,0,1,-0.1947369089093991,False,False,True,False,True,False,False,False,True,False
R0077,1.611547479525433,-0.4437176190915903,-0.45021110486500077,-0.28470767212170306,-0.04577727090933227,-0.4027643955865397,0,0,0,-0.3828821868604957,False,False,True,False,False,True,False,True,False,False
R0078,1.0878543419224518,0.2806804615002034,-2.177305380564541,0.3263124432692067,1.1327519752173385,0.8002122436751481,0,0,0,-0.5787340873470057,False,False,True,False,False,False,True,False,False,True
R0079,-0.7604743790292475,0.8518404865821949,-1.6016072886646944,1.4184507597553206,1.4678240157827642,0.7076755791165568,0,0,0,0.24583736272731513,False,False,True,False,False,False,True,False,False,True
R0080,0.4871475076131497,0.33640339077649506,-0.5941356278399625,-0.7802594192497638,-1.224306517036003,-1.3281310411724534,0,0,0,0.6059863426640926,False,False,False,True,False,True,False,False,False,True
R0081,0.1636899814466021,-1.2795615582359678,-1.3857205042022518,-0.6503575049540586,-1.0625476009009698,1.262895566468105,0,0,0,0.5346569574164503,False,False,True,False,False,False,True,True,False,False
R0082,0.2098981994703947,-0.03972638183847472,0.12548698703484587,-0.8476159674030925,-0.9932223511288126,0.7076755791165568,0,0,0,-0.16455424718716385,False,True,False,False,False,False,True,False,False,True
R0083,-1.700041478846361,1.5762385671739882,-0.09039979742759652,2.4985611212140544,2.397937783559206,-0.3102277310279483,1,0,1,0.4572948868454445,False,False,True,False,False,False,True,False,True,False
R0084,-0.4062113741801717,0.5383990094030534,0.05352472554736497,0.18197698294064543,0.3701742277236105,-1.513204370289636,0,0,0,-0.14144550074047682,True,False,False,False,False,True,False,False,False,True
R0085,1.0724516025811879,-0.6805400685158305,1.1329586478595777,-0.08744920967266934,-0.600379269086589,0.522602249999374,0,0,0,0.7990856493815975,True,False,False,False,True,False,False,True,False,False
R0086,0.11748176342281007,-0.6666093361967579,0.2694115100098077,0.09537570674350833,0.21996951988393673,-0.4027643955865397,0,0,0,-0.10540811092191281,False,True,False,False,True,False,False,False,False,True
R0087,1.3188954320414141,-1.4536957122243799,-1.0259091967648475,0.374424263378727,-0.08043989579541092,-1.698277699406819,0,0,0,0.695499239016133,False,True,False,False,False,False,True,True,False,False
R0088,-0.4062113741801717,-0.5621288438037106,-0.01843753594011562,0.04245270462303589,0.28929476965609396,-0.9579843829380879,0,0,0,-0.24850726156427455,True,False,False,False,False,True,False,True,False,False
R0089,-2.1313181804017574,-0.35316785901761627,0.8451096019096547,-0.09707157369457343,-0.7505839769262628,-0.8654477183794965,0,0,0,1.1207301990231462,True,False,False,False,False,True,False,True,False,False
R0090,0.055870806057753096,-1.8089293863607403,0.7011850789346928,2.236351701617169,2.0455344305507404,-1.975887693082593,0,0,0,0.5069618201921737,False,False,False,True,False,True,False,True,False,False
R0091,-0.0981565873548885,0.5592951078816626,-0.09039979742759652,-0.3087635821764634,-0.022668854318613322,0.2449922563235999,0,0,0,-0.44414298350946935,True,False,False,False,False,False,True,False,False,True
R0092,0.3331201142005081,-0.6108864069204657,-0.23432432040255835,2.0198485111243265,1.849112889529629,1.3554322310266962,0,0,0,0.4785690859406016,False,True,False,False,False,False,True,True,False,False
R0093,-0.9761127298069455,1.5832039333335253,0.6292228174472115,0.10499807076541263,0.2315237281792964,0.4300655854407826,0,0,1,-0.10422553097340469,False,False,False,True,False,False,True,False,True,False
R0094,-1.3149729953147569,-0.33227176053900653,-1.0978714582523283,-0.3183859461983675,-0.796800810107701,0.8002122436751481,0,0,0,0.7255513995632776,False,False,False,True,False,False,True,True,False,False
R0095,0.1328845027640739,0.684671698753319,-0.01843753594011562,-0.27989649011075113,-0.39240351977011784,-1.698277699406819,0,0,0,0.05883359645764501,False,False,True,False,False,False,True,True,False,False
R0096,-0.8990990331006247,1.8548532135554474,-0.16236205891507743,0.7737523702877468,0.7514631014704747,-1.3281310411724534,0,0,0,0.2113662307237568,True,False,False,False,True,False,False,False,False,True
R0097,-0.4370168528626999,2.077744930660615,1.852581262734386,2.4985611212140544,2.397937783559206,-0.9579843829380879,0,0,1,0.4572948868454445,False,False,False,True,True,False,False,False,True,False
R0098,-0.12896206603741672,1.2697624561543837,1.7086567397594241,-0.4338543144612165,-0.26530722852116295,-0.9579843829380879,0,0,1,-0.3824197128678188,False,False,True,False,True,False,False,False,True,False
R0099,-1.222556559267172,2.168294690734589,1.34884543232202,0.41291371946634337,0.3701742277236105,-0.3102277310279483,0,0,1,0.162269452558831,False,False,True,False,False,False,True,False,True,False
R0100,-0.5294332889102851,-0.004899551040792322,1.4927699552969818,-0.13556102978218984,-0.2884156451118819,-0.12515440191076557,0,0,0,0.16431866566702966,True,False,False,False,False,False,True,True,False,False
R0101,0.3485228535417725,-0.32530639437947045,-1.1698337197398092,-0.3376306742421757,-0.8776802681752175,1.3554322310266962,0,0,0,0.8753921629056068,False,False,True,False,False,True,False,True,False,False
R0102,1.4113118680889993,-0.36709859133668893,0.4852982944722501,-0.8620495134359486,-0.600379269086589,-0.9579843829380879,0,0,0,-0.7939315546336354,True,False,False,False,True,False,False,True,False,False
R0103,0.2407036781529229,0.14833850446900992,-0.8819846737898859,0.04726388663398805,0.31240318624681296,-1.4206677057310448,0,0,0,-0.2643579210769747,False,False,False,True,True,False,False,False,False,True
R0104,-0.1443648053786811,-0.06758784647662054,0.557260555959731,-0.9630843356659414,-0.46172876954227465,-1.3281310411724534,0,0,0,-1.1352001991263863,False,False,True,False,False,True,False,True,False,False
R0105,-0.12896206603741672,-0.025795649519401564,-1.3857205042022518,0.40810253745539143,-0.39240351977011784,-0.032617737352174214,0,0,0,1.3212435925878414,False,False,False,True,False,True,False,True,False,False
R0106,-0.1751702840612093,-1.8228601186798135,1.4927699552969818,1.139402203120102,1.051872517149822,-0.21769106646935696,0,0,0,0.32760514702756144,False,True,False,False,False,True,False,True,False,False
R0107,0.6873831190495838,-0.4019254221343713,-0.6660978893274434,-0.31357476418741537,0.26618635306537464,0.05991892720641715,0,0,0,-0.7128318544735873,False,False,True,False,False,True,False,True,False,False
R0108,0.9646324271923389,0.2876458276597395,-1.0259091967648475,-0.9342172436002292,-0.9354513096520151,0.05991892720641715,0,0,0,-0.4951996017274663,False,False,True,False,False,True,False,True,False,False
R0109,0.9030214698272819,0.33640339077649506,0.7731473404221734,1.2693041174158075,1.7797876397574717,-1.4206677057310448,0,0,0,-0.11399708359957676,False,False,False,True,True,False,False,True,False,False
R0110,-0.2675867201087939,0.16923460294762016,-1.313758242714771,2.0150373291133743,1.802896056348191,-0.21769106646935696,0,0,0,0.5110914644568052,False,True,False,False,False,True,False,True,False,False
R0111,-0.5602387675928133,-1.293492290555041,0.1974492485223268,-0.9294060615892772,2.397937783559206,0.4300655854407826,0,0,0,-2.1141289546784945,False,False,False,True,False,False,True,True,False,False
R0112,-0.1751702840612093,0.503572178605371,0.2694115100098077,1.0624232909448692,0.7514631014704747,0.4300655854407826,0,0,0,0.5439112688757249,False,False,False,True,False,True,False,False,False,True
R0113,0.07127354539901748,0.3642648554146414,-0.6660978893274434,0.3070677152253985,0.7745715180611936,-1.7908143639654102,0,0,0,-0.3446540364251116,False,True,False,False,False,True,False,False,False,True
R0114,-0.4678223315452281,0.7543253603486838,0.4852982944722501,-0.7177140531073872,-1.1318728506731268,0.8927489082337394,0,0,0,0.5280911651189806,False,False,True,False,False,True,False,False,False,True
R0115,-0.5294332889102851,0.3503341230955682,0.12548698703484587,1.5483526740510263,1.5024866406688433,1.8181155538196532,0,0,0,0.33855717280846803,False,False,False,True,True,False,False,True,False,False
R0116,-0.05194836933109591,-0.08848394495522978,0.9890341248846158,0.2685782591377821,0.19686110329321777,1.1703589019095135,0,0,0,0.16270482376482218,False,False,False,True,False,True,False,True,False,False
R0117,-0.11355932669615233,-0.10241467727430294,-1.5296450271772133,-1.0160073377864138,-0.7736923935169818,-1.3281310411724534,0,0,0,-0.9222649142599669,True,False,False,False,False,True,False,True,False,False
R0118,2.1814488351522074,0.2946111938192766,-1.313758242714771,-0.5685674107678739,-0.01111464602325364,-0.032617737352174214,0,0,0,-0.8539417989960728,True,False,False,False,False,True,False,False,False,True
R0119,-0.652655203640398,0.7891521911463663,-0.738060150814924,0.4369696295211035,-0.19598197874900608,-1.1430577120552707,0,0,0,0.9892324504009697,False,False,True,False,True,False,False,True,False,False
R0120,-0.3446004168151147,-1.3492152198313327,1.6366944782719437,-0.8572383314249966,-1.7211374737364624,-0.9579843829380879,0,0,0,2.96275008163879,False,False,False,True,False,True,False,True,False,False
R0121,0.5795639436607348,0.13440777214993777,0.4852982944722501,-0.255840580055991,-0.17287356215828673,0.2449922563235999,0,0,0,-0.1928130611663232,False,False,True,False,False,False,True,False,False,True
R0122,1.4729228254540556,-1.6347952323723285,0.12548698703484587,0.36961308136777504,-0.16131935386292745,1.4479688955852876,1,0,0,0.8181868288630977,True,False,False,False,False,False,True,True,False,False
R0123,-0.4678223315452281,0.5662604740411987,0.4852982944722501,0.13386516283112473,0.7514631014704747,-0.3102277310279483,0,0,0,-0.5257752705131058,True,False,False,False,False,True,False,True,False,False
R0124,4.615081651071944,-0.2486873666245691,1.4927699552969818,-0.4386654964721686,-0.034223062613972594,0.3375289208821913,0,1,0,-0.6333205597875048,False,False,False,True,True,False,False,False,False,True
R0125,-0.3137949381325865,1.200108794559019,-0.30628658189003927,-0.7946929652826199,-1.1434270589684865,2.28079887661261,0,0,0,0.32938711681298577,False,False,False,True,True,False,False,False,False,True
R0126,-0.7758771183705113,0.9145287820180227,1.564732216784463,-0.005659115486484604,-0.23064460363508432,-0.4027643955865397,0,0,1,0.3025558369499596,False,False,False,True,False,True,False,False,True,False
R0127,-0.7758771183705113,-0.7014361669944402,0.8451096019096547,-1.0352520658302222,-0.46172876954227465,2.1882622120540187,0,0,0,-1.272555758363069,False,False,False,True,True,False,False,False,False,True
R0128,-1.5614168247749838,0.6010873048388811,-0.37824884337751985,-1.020818519797366,-0.8314634349937794,-0.12515440191076557,0,0,0,-0.8611989285043736,False,False,True,False,False,True,False,False,False,True
R0129,0.5025502469544141,2.230982986170418,0.1974492485223268,2.3518200698800173,2.29972701304865,-0.8654477183794965,1,0,0,0.4139415831313308,False,False,True,False,True,False,False,False,False,True
R0130,-0.29839219879132267,-0.4715790837297361,-1.0259091967648475,0.6679063660468019,0.5434873521540033,0.9852855727923309,0,0,0,0.298614606324919,False,True,False,False,False,True,False,True,False,False
R0131,-0.0057401513073033214,-0.6248171392395389,0.05352472554736497,-0.8235600573483322,-1.4438364746478338,0.522602249999374,0,0,0,1.2810527701125884,True,False,False,False,True,False,False,True,False,False
R0132,-0.11355932669615233,0.768256092667757,-0.30628658189003927,-0.9630843356659414,-0.7505839769262628,1.077822237350922,0,0,0,-0.8305267160156075,False,True,False,False,False,True,False,True,False,False
R0133,0.3639255928830363,1.1443858652827272,-1.24179598122729,-0.3183859461983675,-0.47328297783763434,0.6151389145579653,0,0,0,0.10987071387112522,False,True,False,False,True,False,False,False,False,True
R0134,-0.8220853363943039,0.05082337823549981,0.12548698703484587,0.49951499566348007,-0.14976514556756776,0.15245559176500853,0,0,0,1.0107125218986206,False,False,False,True,True,False,False,True,False,False
R0135,-1.5614168247749838,0.8030829234654394,0.3413737714972886,0.3070677152253985,1.0403183088544627,-0.8654477183794965,0,0,1,-0.5381361943252836,False,False,False,True,False,False,True,False,True,False
R0136,-0.6834606823229267,-0.32530639437947045,0.2694115100098077,0.4562143575649117,0.30084897795145327,0.3375289208821913,0,0,0,0.2988241108016096,False,False,True,False,False,False,True,True,False,False
R0138,-1.222556559267172,-0.29047956358178806,-1.313758242714771,-0.6407351409321544,-0.9354513096520151,0.15245559176500853,0,0,0,0.25422759119667715,False,False,False,True,False,True,False,False,False,True
R0139,-0.7912798577117757,1.6319614964502809,0.8451096019096547,1.2211922973062868,1.271402474761653,2.558408870288384,0,0,1,0.2175680352937938,False,False,True,False,False,True,False,False,True,False
R0140,0.7489940764146403,0.2806804615002034,0.2694115100098077,-0.7946929652826199,-0.6350418939726676,0.2449922563235999,0,0,0,-0.6114929298906329,False,False,False,True,False,False,True,True,False,False
R0141,-0.1751702840612093,-1.8158947525202769,-1.3857205042022518,0.7496964602329866,0.9016678093101481,1.6330422247024703,0,0,0,0.04497451987782626,False,True,False,False,False,False,True,True,False,False
R0142,0.39473107156556453,-0.8616395886637791,-0.09039979742759652,0.8411089184410753,0.6936920599936771,0.522602249999374,0,0,0,0.347994249591558,False,False,True,False,True,False,False,False,False,True
R0143,-0.08275384801362412,-1.3422498536717962,-0.5941356278399625,-1.1699651621368794,-0.17287356215828673,1.3554322310266962,0,0,0,-1.698801074445935,False,False,False,True,False,True,False,True,False,False
R0144,1.3188954320414141,1.8478878473959113,1.852581262734386,-1.00638497376451,-0.4963913944283533,-0.49530106014513103,0,0,1,-1.1877082736700295,False,True,False,False,True,False,False,False,True,False
R0145,0.2715091568354517,-1.5024532753411355,1.1329586478595777,-1.0352520658302222,-0.9932223511288126,-1.1430577120552707,0,0,0,-0.6645284828086876,False,True,False,False,False,False,True,True,False,False
R0146,-0.29839219879132267,1.7921649181196198,1.2049209093470588,2.212295791562408,2.3690522628208073,-0.49530106014513103,0,0,1,0.26124798644655245,False,True,False,False,False,True,False,False,True,False
R0147,1.211076256652565,0.5383990094030534,-0.23432432040255835,1.2548705713829513,1.5371492655549217,-0.49530106014513103,0,0,0,0.041177512595683974,False,True,False,False,False,False,True,False,False,True
R0148,-0.7296689003467187,-1.0566698411308009,-1.7455318116396559,-0.7129028710964351,-0.3115240617026013,-0.7729110538209052,0,0,0,-0.8184403864652396,False,True,False,False,True,False,False,False,False,True
R0149,-1.6538332608225685,0.08565020903318221,0.05352472554736497,-0.005659115486484604,-0.10354831238612987,1.4479688955852876,0,0,0,0.12522782848022654,False,True,False,False,False,False,True,False,False,True
R0150,-0.4216141135214355,-1.0706005734498734,1.9245435242218674,-0.6792245970197709,-0.17287356215828673,-1.1430577120552707,0,0,0,-0.8903232988958277,True,False,False,False,False,False,True,True,False,False
R0151,0.4871475076131497,-1.3770766844694784,-0.23432432040255835,0.02801915859017985,0.10442743693034154,0.05991892720641715,0,0,0,-0.07573098554744159,False,True,False,False,True,False,False,True,False,False
R0152,0.2869118961767155,-1.0148776441735818,-0.16236205891507743,-1.2373217102902079,-1.2820775585128006,-0.5878377247037224,0,0,0,-0.761389588285222,True,False,False,False,False,True,False,True,False,False
R0153,-0.5756415069340771,-0.06758784647662054,-1.0978714582523283,0.48989263164157615,0.6474752268122388,0.8002122436751481,0,0,0,-0.02188974415637843,True,False,False,False,False,True,False,True,False,False
R0154,-1.0839319051957945,1.645892228769353,0.2694115100098077,-1.3479788965421051,-1.0741018091963292,-1.235594376613862,0,0,1,-1.4138963245652598,False,False,False,True,True,False,False,False,True,False
R0155,-0.4370168528626999,-0.06758784647662054,-0.8100224123024049,1.0479897449120135,1.271402474761653,1.3554322310266962,0,0,0,0.04691148195278419,False,False,False,True,False,False,True,False,False,True
R0156,1.3034926927001502,0.057788744395035896,0.12548698703484587,0.6823399120796582,0.9363304341962267,0.6151389145579653,0,0,0,-0.05840405259030354,True,False,False,False,False,True,False,True,False,False
R0157,1.5961447401841697,0.8309443881035857,-0.23432432040255835,-0.6407351409321544,-0.4963913944283533,-1.975887693082593,0,0,0,-0.47855948767000994,False,True,False,False,True,False,False,False,False,True
R0158,1.1186598206049805,-0.35316785901761627,-0.8100224123024049,-0.9727066996878456,-0.9816681428334532,2.095725547495427,0,0,0,-0.5176527623973246,False,False,False,True,False,True,False,True,False,False
R0159,-0.8836962937593603,2.1195371276178343,0.557260555959731,2.4985611212140544,2.397937783559206,-1.1430577120552707,1,0,1,0.4572948868454445,True,False,False,False,True,False,False,False,True,False
R0160,0.10207902408154569,0.46874534780768856,-0.9539469352773667,0.5620603618058571,0.2315237281792964,0.3375289208821913,0,0,0,0.5295160311759342,False,False,True,False,True,False,False,False,False,True
R0161,-0.4986278102277563,0.10654630751179145,-0.6660978893274434,-0.11631630173838163,-0.09199410409077018,-0.7729110538209052,0,0,0,-0.0655823312743067,False,False,True,False,False,False,True,False,False,True
R0162,-0.12896206603741672,0.6707409664342459,-0.5221733663524817,-0.9005389695235649,-0.8776802681752175,0.8002122436751481,0,0,0,-0.5045367274097999,True,False,False,False,True,False,False,False,False,True
R0163,0.055870806057753096,1.5205156378976965,-0.37824884337751985,-0.8812942414797568,-0.7390297686309033,-0.49530106014513103,0,0,0,-0.6619083670315208,False,False,False,True,False,True,False,False,False,True
R0164,-0.8220853363943039,-1.4606610783839165,-0.30628658189003927,0.5283820877291926,-0.01111464602325364,1.262895566468105,0,0,0,0.8267408238239743,False,False,False,True,False,False,True,True,False,False
R0165,-0.0981565873548885,-0.06758784647662054,-0.5221733663524817,-0.9678955176768936,-0.9701139345380937,-0.7729110538209052,0,0,0,-0.5244962511355977,True,False,False,False,False,True,False,True,False,False
R0166,0.8260077731209611,1.2419009915162373,0.7731473404221734,0.48989263164157615,0.27774056136073433,-0.032617737352174214,0,0,1,0.3721702313945757,False,False,True,False,False,True,False,False,True,False
R0167,-1.1455428625608512,0.8866673173798774,0.05352472554736497,0.8892207385505959,0.8092341429472723,-0.3102277310279483,0,0,0,0.28650586603558514,True,False,False,False,False,True,False,False,False,True
R0168,-0.03654562998983153,0.20406143374530256,-0.6660978893274434,0.03283034060113179,0.06976481204426291,0.8002122436751481,0,0,0,-0.02923358512435756,False,False,True,False,True,False,False,False,False,True
R0169,-0.0981565873548885,0.5662604740411987,0.4852982944722501,-1.3094894404544888,-0.958559726242734,-1.6057410348482275,0,0,0,-1.430786258523292,True,False,False,False,False,True,False,True,False,False
R0170,-1.2841675166322286,-1.627829866212792,1.6366944782719437,0.6149833639263292,0.8670051844240699,0.7076755791165568,1,0,0,-0.07374696080291215,False,False,True,False,True,False,False,True,False,False
R0171,0.055870806057753096,2.614078124944924,-0.9539469352773667,-0.8283712393592844,-0.889234476470577,1.1703589019095135,0,0,0,-0.30774372533766226,False,True,False,False,False,True,False,True,False,False
R0172,0.00966258803396051,1.924506875150812,1.852581262734386,-0.9727066996878456,-0.24219881193044399,0.522602249999374,0,0,1,-1.32653140590015,False,False,True,False,False,True,False,False,True,False
R0173,-0.9761127298069455,-1.6069337677341826,-0.8819846737898859,0.28301180517063834,-0.11510252068148913,-1.235594376613862,0,0,0,0.6036300898632252,True,False,False,False,False,True,False,True,False,False
R0174,-1.1455428625608512,2.3215327462443915,0.9170718633971352,-0.36168658429693584,2.397937783559206,-0.3102277310279483,0,0,0,-1.6882650763629508,False,True,False,False,False,False,True,True,False,False
R0175,0.3331201142005081,-1.33528448751226,1.852581262734386,-0.015281479508388703,0.38172843601896983,-0.8654477183794965,0,0,0,-0.41108986632992645,False,True,False,False,False,True,False,True,False,False
R0176,-0.4678223315452281,-0.7501937301111953,0.9170718633971352,0.013585612557323594,-0.36929510317939884,0.4300655854407826,0,0,0,0.5572261885492661,False,True,False,False,False,False,True,True,False,False
R0177,0.2098981994703947,-0.7641244624302684,-1.7455318116396559,-0.15961693983694997,-0.3230782699979605,-0.4027643955865397,0,0,0,0.1729857918310733,False,True,False,False,True,False,False,True,False,False
R0178,-0.5910442462753415,-0.36709859133668893,0.12548698703484587,0.16273225489683724,-0.16131935386292745,-0.032617737352174214,0,0,0,0.47918057695737487,False,False,True,False,False,False,True,True,False,False
R0179,-1.1455428625608512,-0.5830249422823199,0.8451096019096547,-0.45309904250502464,-0.4501745612469154,-1.235594376613862,0,0,0,-0.18077689965668048,False,True,False,False,False,True,False,True,False,False
R0180,-0.23678124142626572,0.2597843630215942,-0.8819846737898859,0.2589558951158778,0.5897041853354412,-0.4027643955865397,0,0,0,-0.24773066916937692,True,False,False,False,True,False,False,True,False,False
R0181,0.07127354539901748,0.1901307014262294,-2.10534311907706,-0.3183859461983675,-0.507945602723713,-0.5878377247037224,0,0,0,0.16533239529380309,False,False,True,False,True,False,False,False,False,True
R0182,0.2561064174941873,-1.0497044749712643,-0.738060150814924,0.45140317555395976,0.7052462682890364,-0.7729110538209052,0,0,0,-0.11978262597032106,False,False,False,True,False,False,True,True,False,False
R0183,-0.1443648053786811,2.614078124944924,0.4852982944722501,1.947680780960046,2.172630721799695,-0.21769106646935696,0,0,0,0.1862615024793801,False,True,False,False,True,False,False,False,False,True
R0184,-1.037723687172002,1.4438966101427957,0.2694115100098077,0.470647903597768,0.9016678093101481,-0.7729110538209052,0,0,1,-0.2615072512457436,False,False,False,True,False,False,True,False,True,False
R0185,0.4563420289306215,0.3642648554146414,0.3413737714972886,-0.7417699631621474,-0.531054019314432,0.15245559176500853,0,0,0,-0.6335127113681464,False,True,False,False,True,False,False,False,False,True
R0186,-2.778233232734852,1.5274810040572335,1.34884543232202,0.6775287300687057,0.6128126019261602,0.4300655854407826,0,1,1,0.23720175074816233,True,False,False,False,False,False,True,False,True,False
R0187,0.8568132518034893,-0.8755703209828523,-0.5941356278399625,-0.9582731536549894,-1.1434270589684865,1.4479688955852876,0,0,0,-0.16204055067825646,False,True,False,False,False,False,True,True,False,False
R0188,-0.5140305495690207,-0.18599907118874087,0.3413737714972886,0.918087830616308,0.9132220176055078,0.4300655854407826,0,0,0,0.21912561494730287,False,False,True,False,False,True,False,True,False,False
R0189,1.9350050056919805,0.19709606758576548,-0.738060150814924,-0.3953648583736001,-0.27686143681652264,-0.032617737352174214,0,0,0,-0.30216847979340605,False,True,False,False,True,False,False,False,False,True
R0190,0.39473107156556453,-0.13724150807198532,-2.177305380564541,0.5957386358825211,0.40483685260968916,2.743482199405567,0,0,0,0.3620917995697549,False,False,False,True,False,False,True,True,False,False
R0191,0.8106050337796973,-0.06758784647662054,-0.30628658189003927,-1.0689303399068866,-1.3860654331710363,0.8002122436751481,0,0,0,0.10133898353273624,True,False,False,False,False,True,False,True,False,False
R0192,1.0724516025811879,0.2528189968620571,-2.10534311907706,0.3792354453896789,0.16219847840713914,-0.21769106646935696,0,0,0,0.36165596502034425,False,False,True,False,False,False,True,False,False,True
R0193,0.4255365502480933,0.5662604740411987,-0.8100224123024049,-0.9775178816987975,-0.669704518858746,-0.12515440191076557,0,0,0,-0.9575024476663425,False,True,False,False,True,False,False,True,False,False
R0194,-0.7758771183705113,-1.1263235027261655,-0.738060150814924,-0.05377093559600488,0.19686110329321777,0.3375289208821913,0,0,0,-0.29040050268352446,False,True,False,False,False,True,False,True,False,False
R0195,0.08667628474028131,-0.5899903084418565,0.9890341248846158,-0.5108332266364493,-0.5426082276097914,0.6151389145579653,0,0,0,-0.1599757285459403,False,False,True,False,False,False,True,True,False,False
R0196,1.211076256652565,-0.10241467727430294,0.9890341248846158,-0.6407351409321544,-1.1318728506731268,-0.5878377247037224,0,0,0,0.7571060004547048,True,False,False,False,False,True,False,False,False,True
R0197,1.5037283041365845,-0.03276101567893814,0.2694115100098077,-0.9823290637097497,-0.17287356215828673,-0.4027643955865397,0,0,0,-1.389677219088541,True,False,False,False,False,True,False,False,False,True
R0198,-0.03654562998983153,-0.6248171392395389,0.557260555959731,-0.8861054234907088,-0.958559726242734,0.522602249999374,0,0,0,-0.33132096854288706,False,False,True,False,False,False,True,True,False,False
R0199,-0.8682935544180965,1.388173680866504,1.34884543232202,0.9710108327367807,1.1558603918080579,-0.9579843829380879,0,0,1,0.06288100438613396,False,False,True,False,False,True,False,False,True,False
R0200,1.0262433845573953,-1.0497044749712643,-0.01843753594011562,-0.2895188541326552,-0.47328297783763434,-1.1430577120552707,0,0,0,0.16515632646388984,False,False,False,True,False,True,False,True,False,False
R0201,-0.12896206603741672,0.27371509534066735,-0.30628658189003927,2.4985611212140544,1.7797876397574717,2.095725547495427,0,0,0,0.9470713871948927,True,False,False,False,False,True,False,True,False,False
R0202,-0.6372524642991341,-0.06758784647662054,1.1329586478595777,-0.19810639592456636,0.21996951988393673,-0.4027643955865397,0,0,0,-0.5141865797896277,False,False,True,False,False,True,False,False,False,True
R0203,0.39473107156556453,-1.3492152198313327,0.4852982944722501,-0.12112748374933358,-0.2537530202258037,-0.49530106014513103,0,0,0,0.13946962191660053,False,True,False,False,False,False,True,True,False,False
R0204,0.6411749010257913,-0.8198473917065601,-0.30628658189003927,1.0864792009996298,1.1096435586266196,-0.12515440191076557,0,0,0,0.2204729635306125,False,False,True,False,False,False,True,True,False,False
R0205,-0.05194836933109591,0.7752214588272931,0.4133360329847692,0.9565772867039244,0.9363304341962267,-0.21769106646935696,0,0,0,0.23958932025013,False,False,True,False,False,True,False,False,False,True
R0206,2.1814488351522074,-1.3770766844694784,0.2694115100098077,0.11943161679826847,0.00043956227210604365,-1.4206677057310448,0,0,0,0.1852810229217865,False,False,True,False,False,True,False,True,False,False
R0207,-0.0211428906485677,0.07171947671410905,1.7806190012469054,-0.5108332266364493,-0.17287356215828673,-1.1430577120552707,0,0,0,-0.6129044543443201,True,False,False,False,False,True,False,True,False,False
R0208,-0.4678223315452281,-1.3143883890336503,1.4927699552969818,-0.3039524001655112,-0.10354831238612987,1.6330422247024703,0,0,0,-0.35084272440191394,False,False,True,False,False,True,False,True,False,False
R0209,0.025065327375224888,0.503572178605371,-0.5941356278399625,-0.9678955176768936,-0.1382109372722085,0.8002122436751481,0,0,0,-1.3885448972740448,True,False,False,False,True,False,False,False,False,True
R0210,1.7193666549142825,-0.5203366468464917,-1.24179598122729,1.6012756761714984,1.2367398498755744,-0.8654477183794965,0,0,0,0.6250321039400688,False,False,False,True,False,False,True,True,False,False
R0211,1.0570488632399235,0.2876458276597395,-0.5941356278399625,-0.7946929652826199,-0.9238971013566556,-0.8654477183794965,0,0,0,-0.16084602547774282,False,False,False,True,True,False,False,False,False,True
R0212,-0.4216141135214355,-1.0636352072903368,0.12548698703484587,-0.8379936033811884,-0.9932223511288126,-0.3102277310279483,0,0,0,-0.13891454279631618,False,False,True,False,True,False,False,True,False,False
R0213,-0.05194836933109591,0.21102679990483864,0.05352472554736497,-0.33281949223122353,-0.4155119363608368,0.4300655854407826,0,0,0,-0.00488881529870447,False,True,False,False,True,False,False,False,False,True
R0214,-0.4986278102277563,-1.1959771643215305,-0.37824884337751985,-0.6407351409321544,-0.5888250607912295,-0.49530106014513103,0,0,0,-0.3551427164924623,False,False,True,False,True,False,False,True,False,False
R0215,1.0878543419224518,-0.38799468981529867,-1.3857205042022518,-0.1932952139136142,-0.7159213520401841,-0.12515440191076557,0,0,0,0.8241422674527077,False,True,False,False,True,False,False,True,False,False
R0216,-0.652655203640398,-0.3113756620603973,0.05352472554736497,-0.6263015948992985,2.397937783559206,1.262895566468105,0,0,0,-1.8867609518490094,True,False,False,False,False,False,True,True,False,False
R0217,-0.9299045117831529,-1.641760598531865,0.4852982944722501,-0.5733785927788257,-0.18442777045364642,0.4300655854407826,0,0,0,-0.7047204518537996,True,False,False,False,False,False,True,False,False,True
R0218,-0.4216141135214355,-2.212920623613856,-0.37824884337751985,-0.6455463229431064,-0.7621381852216224,-0.8654477183794965,0,0,0,-0.09523208346376107,False,True,False,False,False,True,False,True,False,False
R0219,-0.5756415069340771,-1.0427391088117277,0.12548698703484587,-0.804315329304524,-0.3115240617026013,-0.032617737352174214,0,0,0,-0.9794253120227154,False,False,False,True,True,False,False,True,False,False
R0220,1.1494652992875087,-0.15813760655059458,-0.09039979742759652,-0.380931312340744,-0.7043671437448247,-0.21769106646935696,0,0,0,0.3876151009443003,False,False,True,False,False,True,False,True,False,False
R0221,-0.9915154691482099,-0.08848394495522978,0.557260555959731,0.6727175480577539,1.0403183088544627,0.522602249999374,0,0,0,-0.15310008371358907,False,False,False,True,False,True,False,True,False,False
R0222,-0.29839219879132267,0.47571071396722464,-0.01843753594011562,1.2644929354048555,1.1327519752173385,-0.032617737352174214,1,0,0,0.382754827309772,False,False,False,True,True,False,False,True,False,False
R0223,-0.03654562998983153,1.0886629360064346,-0.09039979742759652,-0.34725303826407977,0.25463214477001533,0.4300655854407826,0,0,1,-0.7497833743145773,False,False,False,True,False,True,False,False,True,False
R0224,-0.2521839807675301,0.9772170774538513,1.34884543232202,-0.42904313245026454,-0.3346324782933202,2.003188882936836,0,0,0,-0.2897714081657207,True,False,False,False,False,True,False,True,False,False
R0225,0.4101338109068289,-0.8895010533019249,0.7731473404221734,0.7352629142001303,0.3470658111328916,-1.3281310411724534,0,0,0,0.6154588376902393,False,False,False,True,True,False,False,True,False,False
R0226,-0.2213785020850019,0.5871565725198089,0.7011850789346928,0.10499807076541263,-0.3461866865886795,0.522602249999374,1,0,0,0.6818558772943191,False,False,False,True,False,True,False,False,False,True
R0227,-0.15976754471994492,0.9145287820180227,0.6292228174472115,-0.1307498477712377,-0.5657166442005106,-0.7729110538209052,0,0,0,0.64090357167005,True,False,False,False,False,True,False,True,False,False
R0228,0.07127354539901748,-2.052717201944517,1.060996386372097,-0.08744920967266934,-0.7043671437448247,-1.513204370289636,0,0,0,1.029981266307852,False,False,True,False,False,True,False,True,False,False
R0229,0.5641612043194705,-0.0815185787956937,-0.8100224123024049,0.3359348072911106,0.7976799346519127,-1.513204370289636,0,0,0,-0.3300253023762433,False,True,False,False,False,False,True,False,False,True
R0230,-0.1443648053786811,2.4747708017541945,0.8451096019096547,-0.578189774789778,-0.08043989579541092,-0.8654477183794965,0,0,1,-0.8091813511374633,False,False,True,False,False,False,True,False,True,False
R0231,-1.5152086067511912,0.7403946280296106,-2.177305380564541,0.4850814496306242,0.24307793647465567,0.05991892720641715,0,0,0,0.4082968058696076,False,True,False,False,False,True,False,False,False,True
R0232,1.2264789959938294,1.0816975698468985,-1.3857205042022518,-0.3424418562531276,0.5088247272679247,-1.235594376613862,0,0,0,-0.9272046379965526,False,True,False,False,False,False,True,False,False,True
R0233,0.7181885977321121,-0.7780551947493416,0.557260555959731,-0.8716718774578527,-0.42706614465619647,-0.9579843829380879,0,0,0,-0.9947178466713076,False,False,True,False,True,False,False,True,False,False
R0234,-1.5768195641162477,0.419987784690933,1.060996386372097,2.043904421179087,1.687353973394596,0.6151389145579653,0,0,0,0.6317913265083924,False,False,True,False,False,True,False,True,False,False
R0235,1.1494652992875087,-0.10241467727430294,1.34884543232202,-0.49639968060359324,-0.5541624359051509,2.373335541171201,0,0,0,-0.11386136759088042,False,False,True,False,False,False,True,True,False,False
R0236,0.8722159911447537,-1.0984620380880192,0.7731473404221734,0.21084407500635752,0.25463214477001533,0.522602249999374,0,0,0,0.01710823235336952,False,False,False,True,False,False,True,True,False,False
R0237,-0.23678124142626572,-1.774102555563058,-0.8819846737898859,0.33112362528015865,0.03510218715818427,0.4300655854407826,0,0,0,0.4594709111489022,False,True,False,False,False,False,True,True,False,False
R0238,-1.62302778214004,2.244913718489491,1.060996386372097,0.33112362528015865,0.8323425595379913,-0.12515440191076557,0,0,1,-0.362487129984639,False,True,False,False,False,True,False,False,True,False
R0239,-0.3291976774738509,-0.06758784647662054,-0.37824884337751985,-0.8909166055016609,-0.46172876954227465,1.4479688955852876,0,0,0,-0.9978446398897041,False,False,False,True,True,False,False,True,False,False
R0240,2.1814488351522074,0.09261557519271829,0.7731473404221734,-0.7513923271840515,-1.0625476009009698,0.3375289208821913,0,0,0,0.2506207826279342,True,False,False,False,False,True,False,True,False,False
R0241,0.5025502469544141,-0.8477088563447064,1.2768831708345394,0.9758220147477327,1.4678240157827642,1.3554322310266962,0,0,0,-0.1676810404055592,False,False,False,True,True,False,False,True,False,False
R0242,1.180270777970037,0.14137313830947384,-1.6016072886646944,-0.6311127769102504,-0.6350418939726676,0.2449922563235999,0,0,0,-0.2681667512323683,False,True,False,False,False,True,False,True,False,False
R0243,-2.9476633654887583,1.1095590344850448,1.4208076938095013,-0.905350151534517,-0.9932223511288126,-1.0505210474966793,0,1,1,-0.3183924735322478,True,False,False,False,False,False,True,False,True,False
R0244,-1.6846387395050968,-0.15117224039105848,-0.5941356278399625,-0.5685674107678739,-0.18442777045364642,-0.032617737352174214,0,0,0,-0.6967513545431311,True,False,False,False,False,True,False,True,False,False
R0245,0.4101338109068289,-0.4785444498892727,2.0684680471968284,-0.5493226827240657,-0.5772708524958701,0.8002122436751481,0,0,0,-0.1857791680405137,False,False,False,True,False,True,False,True,False,False
R0246,-0.03654562998983153,-0.025795649519401564,0.3413737714972886,-0.7706370552278597,-0.7390297686309033,0.522602249999374,0,0,0,-0.4144010016527201,False,False,False,True,False,True,False,True,False,False
R0247,-1.0993346445370589,-1.1541849673643114,0.6292228174472115,1.206758751273431,0.9594388507869457,1.9106522183782446,1,0,0,0.48817484698828273,False,True,False,False,False,True,False,True,False,False
R0248,-1.607625042798776,0.14833850446900992,-0.8100224123024049,-0.7802594192497638,-0.4848371861329938,0.7076755791165568,0,0,0,-0.7620077362946452,False,False,False,True,False,False,True,True,False,False
R0249,-0.3908086348389073,2.1543639584155168,0.7011850789346928,1.3607165756238961,2.091751263732179,-0.3102277310279483,0,0,1,-0.22999590106432663,False,True,False,False,True,False,False,False,True,False
R0250,-1.6538332608225685,1.0886629360064346,0.7011850789346928,-0.3039524001655112,-0.5888250607912295,3.4837755158742976,0,0,1,0.3328560179952763,False,False,True,False,False,False,True,False,True,False
R0251,0.5179529862956779,2.4747708017541945,0.1974492485223268,-1.011196155775462,-1.1318728506731268,0.4300655854407826,0,0,1,-0.3450278945984682,True,False,False,False,False,True,False,False,True,False
R0252,0.4101338109068289,0.3224726584574219,-1.4576827656897329,-1.0352520658302222,-0.5194998110190725,0.4300655854407826,0,0,0,-1.2238356241039037,False,False,False,True,False,True,False,True,False,False
R0253,0.887618730486018,-1.495487909181599,-1.5296450271772133,0.9517661046929725,0.6012583936308009,-0.032617737352174214,0,0,0,0.5813280623647609,False,True,False,False,False,False,True,True,False,False
R0254,-1.2995702559734927,1.200108794559019,1.060996386372097,-0.8428047853921403,-0.2999698534072416,1.262895566468105,0,0,1,-1.0571822414799508,False,False,False,True,False,True,False,False,True,False
R0255,0.6103694223432631,-0.8895010533019249,0.9170718633971352,1.1538357491529583,1.5602576821456409,-1.0505210474966793,0,0,0,-0.06783304089133292,False,False,False,True,False,False,True,True,False,False
R0256,-1.407389431362342,-0.2765488312627149,0.2694115100098077,1.0431785629010615,0.8554509761287102,-1.4206677057310448,0,0,0,0.41327145449384334,False,False,True,False,False,True,False,True,False,False
R0257,0.8722159911447537,0.07868484287364563,1.9245435242218674,-1.136286888060215,-1.0741018091963292,-1.6057410348482275,0,0,0,-0.8132625087426315,False,True,False,False,True,False,False,False,False,True
R0258,-0.0057401513073033214,-0.09544931111476636,0.3413737714972886,0.21084407500635752,0.35862001942825084,3.021092193081341,0,0,0,-0.09188999875189541,False,False,True,False,False,True,False,True,False,False
R0259,-1.0069182084894737,-0.19296443734827698,-0.5221733663524817,1.1827028412186704,0.9016678093101481,0.2449922563235999,0,0,0,0.5205496819661247,True,False,False,False,False,False,True,True,False,False
R0260,-0.5294332889102851,-1.9134098787537877,-0.5941356278399625,-0.44347667848312056,-0.4963913944283533,-0.032617737352174214,0,0,0,-0.09599237943315686,False,False,False,True,False,True,False,True,False,False
R0261,-1.6846387395050968,-0.5342673791655649,-0.01843753594011562,-1.0593079758849822,-1.0509933926056103,0.7076755791165568,0,0,0,-0.6348097345374778,True,False,False,False,False,False,True,True,False,False
R0262,0.8568132518034893,-1.1123927704070924,1.4927699552969818,-1.2709999843668724,-1.3745112248756768,-0.21769106646935696,0,0,0,-0.6890738095730964,True,False,False,False,False,True,False,True,False,False
R0263,0.4563420289306215,-0.3183410282199339,-0.23432432040255835,-0.9534619716440373,-1.2705233502174411,-0.5878377247037224,0,0,0,0.17214296981352498,False,False,True,False,True,False,False,True,False,False
R0264,-1.6384305214813044,-1.8298254848393496,1.564732216784463,-1.1555316161040232,-0.8776802681752175,-0.032617737352174214,0,0,0,-1.1296327204586596,False,False,True,False,False,True,False,True,False,False
R0265,-1.700041478846361,2.3842210416802203,3.6516377999214074,-1.0689303399068866,-0.7505839769262628,-0.4027643955865397,0,0,1,-1.0690136722981218,False,False,False,True,False,True,False,False,True,False
R0266,0.8260077731209611,0.6428795017961005,-1.6735695501521752,2.4985611212140544,2.397937783559206,-0.032617737352174214,1,0,0,0.4572948868454445,False,False,False,True,True,False,False,True,False,False
R0267,0.9184242091685463,0.5523297417221266,-1.313758242714771,0.8988431025724999,0.31240318624681296,-0.49530106014513103,0,0,0,0.8801512518960483,False,True,False,False,True,False,False,False,False,True
R0268,-2.454775706568305,0.2528189968620571,1.4208076938095013,0.4417808115320559,0.19686110329321777,0.8002122436751481,0,0,0,0.4061644021549792,False,False,False,True,False,False,True,False,False,True
R0269,-0.8528908150768321,1.8687839458745206,1.9245435242218674,1.5242967639962661,2.397937783559206,0.7076755791165568,0,0,1,-0.27353083653504295,True,False,False,False,False,False,True,False,True,False
R0270,-0.11355932669615233,-0.3044102959008607,-1.7455318116396559,-0.366497766307888,-0.9932223511288126,0.3375289208821913,0,0,0,1.117430972355206,False,False,True,False,True,False,False,True,False,False
R0271,-0.7912798577117757,-0.004899551040792322,-0.23432432040255835,-0.5685674107678739,-1.4438364746478338,0.15245559176500853,0,0,0,2.309171179732423,False,True,False,False,False,False,True,True,False,False
R0272,-0.03654562998983153,-0.903431785620998,0.8451096019096547,0.8555424644739315,0.3355116028375319,1.1703589019095135,0,0,0,0.7905247413719019,True,False,False,False,False,False,True,True,False,False
R0273,0.9338269485098101,-0.06758784647662054,2.2843548316592717,-0.5108332266364493,-0.36929510317939884,0.05991892720641715,0,0,0,-0.39364273020597673,True,False,False,False,True,False,False,True,False,False
R0274,-0.03654562998983153,0.11351167367132753,-2.177305380564541,-0.005659115486484604,-0.19598197874900608,-0.032617737352174214,0,0,0,0.25209094916410707,True,False,False,False,True,False,False,True,False,False
R0275,-0.7758771183705113,0.4478492493290793,-0.8819846737898859,1.659009860302923,1.7566792231667523,0.4300655854407826,1,0,0,0.23947083970827232,False,False,False,True,False,True,False,False,False,True
R0276,1.0878543419224518,0.18316533526669232,0.3413737714972886,1.625331586226259,1.4216071826013263,-0.4027643955865397,0,0,0,0.4790102465121163,False,False,True,False,False,False,True,True,False,False
R0277,0.5641612043194705,1.0886629360064346,-1.0978714582523283,0.9806331967586845,1.0403183088544627,-1.1430577120552707,0,0,0,0.17114085153836398,False,False,True,False,False,False,True,False,False,True
R0278,0.8106050337796973,-0.8686049548233157,0.9170718633971352,-0.020092661519340645,-0.19598197874900608,1.077822237350922,0,0,0,0.22805372629768772,False,False,False,True,True,False,False,False,False,True
R0279,-1.3303757346560212,1.1861780622399458,0.4852982944722501,0.5668715438168089,1.2020772249894958,1.077822237350922,0,0,1,-0.38060028090676257,False,False,False,True,False,True,False,False,True,False
R0280,0.3485228535417725,-0.19296443734827698,-1.7455318116396559,-0.4915884985926411,0.08131902033962259,1.8181155538196532,0,0,0,-0.8151001122001302,True,False,False,False,False,True,False,True,False,False
R0281,-0.4370168528626999,-0.7292976316325861,-1.1698337197398092,-0.2510293980450388,-0.7621381852216224,1.540505560143879,0,0,0,0.8002583328536127,False,True,False,False,False,False,True,True,False,False
R0282,-0.29839219879132267,-1.2308039951192127,-0.37824884337751985,1.6638210423138748,1.3291735162384506,-0.4027643955865397,0,0,0,0.599160048948441,True,False,False,False,False,False,True,True,False,False
R0283,-0.4832250708864925,-0.7571590962707319,0.4133360329847692,-0.8716718774578527,-1.848233764985417,0.9852855727923309,0,0,0,4.3990004550618345,False,False,False,True,False,False,True,True,False,False
R0284,-1.2841675166322286,-1.6835527954890839,-0.8819846737898859,1.3655277576348486,1.3638361411245288,0.15245559176500853,1,0,0,0.2807246315755162,False,False,True,False,False,False,True,True,False,False
R0285,-0.2213785020850019,-2.1084401312208088,0.1974492485223268,2.4985611212140544,2.397937783559206,0.4300655854407826,0,0,0,0.4572948868454445,False,True,False,False,False,False,True,True,False,False
R0286,-0.8528908150768321,1.388173680866504,0.05352472554736497,-0.6214904128883463,-0.10354831238612987,0.15245559176500853,0,0,0,-0.8576275065022569,False,False,False,True,True,False,False,True,False,False
R0287,-1.5460140854337192,1.5205156378976965,1.34884543232202,-0.26546294407789506,-0.507945602723713,-0.21769106646935696,0,0,1,0.26862610884291765,False,True,False,False,False,False,True,False,True,False
R0288,0.7797995550971685,0.8797019512203402,-1.0978714582523283,-0.14037221179314177,0.21996951988393673,-0.12515440191076557,0,0,0,-0.43377114329106065,False,False,True,False,False,False,True,False,False,True
R0289,-0.8528908150768321,1.5414117363763058,0.4133360329847692,2.159372789441936,2.397937783559206,1.540505560143879,0,0,1,0.20285926463149742,False,True,False,False,True,False,False,False,True,False
R0290,0.5949666830019987,0.09261557519271829,0.3413737714972886,-0.3713089483188399,-0.38084931147475815,-0.7729110538209052,0,0,0,-0.12487375229656646,False,False,False,True,False,False,True,False,False,True
R0291,-2.531789403274626,1.297623920792529,0.3413737714972886,-0.06820448162886114,0.09287322863498186,0.05991892720641715,0,1,1,-0.20381121084779108,False,False,False,True,False,True,False,False,True,False
R0292,-1.5922223034575118,-0.1790337050292043,1.2049209093470588,-0.17886166788075816,-0.6350418939726676,0.4300655854407826,0,0,0,0.6810291544698933,False,False,True,False,True,False,False,True,False,False
R0293,-0.15976754471994492,0.684671698753319,-0.01843753594011562,-0.9294060615892772,-1.1434270589684865,1.6330422247024703,0,0,0,-0.0753180211209788,False,False,False,True,False,True,False,True,False,False
R0294,-0.3908086348389073,-0.4506829852511269,-0.45021110486500077,-0.31357476418741537,-0.14976514556756776,0.3375289208821913,0,0,0,-0.3145737941548873,False,False,False,True,False,True,False,True,False,False
R0295,1.6269502188666973,0.3503341230955682,-1.4576827656897329,-0.6022456848445381,-0.6119334773819485,1.262895566468105,0,0,0,-0.24251280783500997,False,False,True,False,False,False,True,True,False,False
R0296,-0.5910442462753415,-0.39496005597483524,-0.6660978893274434,-0.6070568668554902,-0.6119334773819485,0.6151389145579653,0,0,0,-0.2524741794733464,False,False,False,True,False,True,False,True,False,False
R0297,0.19449546012913085,0.23888826454298495,-1.3857205042022518,0.07613097869970034,0.4394994774957674,-0.49530106014513103,0,0,0,-0.343710340629486,False,False,True,False,False,False,True,True,False,False
R0298,0.10207902408154569,-0.06758784647662054,1.7806190012469054,2.4985611212140544,2.397937783559206,-0.9579843829380879,0,0,1,0.4572948868454445,False,True,False,False,False,True,False,False,True,False
R0299,1.0724516025811879,-1.2656308259168951,0.6292228174472115,0.4321584475101516,0.25463214477001533,-0.032617737352174214,0,0,0,0.32122042120445166,False,False,False,True,True,False,False,True,False,False
R0300,0.08667628474028131,0.7473599941891478,-1.0259091967648475,-1.1651539801259276,-1.5478243493060697,-0.032617737352174214,0,0,0,0.26596317728602037,False,True,False,False,True,False,False,True,False,False
R0301,-1.7770551755526818,2.439943970956512,2.0684680471968284,-1.1603427981149754,-1.154981267263846,-0.49530106014513103,0,0,1,-0.7490633497606893,False,False,False,True,True,False,False,False,True,False
R0302,2.012018702398301,-1.0984620380880192,-1.0259091967648475,-0.15480575782599781,0.1737526867024988,2.373335541171201,0,0,0,-0.41056483677064115,False,True,False,False,False,True,False,True,False,False
R0303,-0.4216141135214355,-1.4397649799053072,-0.5941356278399625,1.1971363872515266,-0.17287356215828673,-0.12515440191076557,0,0,0,2.200915254678112,False,False,True,False,False,False,True,True,False,False
R0304,-2.285345573814399,-0.4437176190915903,-0.5221733663524817,0.9228990126272604,0.8901136010147889,0.3375289208821913,0,0,0,0.24609605425257836,False,True,False,False,False,True,False,True,False,False
R0305,1.3342981713826785,-0.49944054836788243,-0.01843753594011562,-0.9967626097426058,-0.4848371861329938,0.7076755791165568,0,0,0,-1.1792576426551336,False,False,True,False,False,True,False,True,False,False
R0306,0.9030214698272819,-0.018830283359864985,-0.5941356278399625,-0.8091265113154761,-0.9932223511288126,0.4300655854407826,0,0,0,-0.061995429623773995,False,False,False,True,False,False,True,True,False,False
R0307,-0.2213785020850019,1.2836931884734568,0.05352472554736497,-0.7080916890854831,-0.06888568750005122,-0.032617737352174214,0,0,1,-1.0234843442805512,False,False,True,False,False,True,False,False,True,False
R0308,0.2715091568354517,-0.49247518220834585,-0.09039979742759652,-0.3039524001655112,-0.12665672897684882,-0.8654477183794965,0,0,0,-0.32513976416141804,False,False,False,True,False,False,True,False,False,True
R0309,0.8260077731209611,-0.7989512932279509,-1.0978714582523283,-0.8235600573483322,-0.866126059879858,-0.5878377247037224,0,0,0,-0.3354856097928126,False,True,False,False,False,False,True,True,False,False
R0310,-0.4062113741801717,0.022961913597353497,-1.0259091967648475,-0.6840357790307229,-0.35774089488403915,0.2449922563235999,0,0,0,-0.7199554908300781,False,False,False,True,False,False,True,True,False,False
R0311,0.04046806671648927,0.6150180371579542,0.1974492485223268,-1.5067479029035225,-1.8597879732807765,0.522602249999374,1,0,1,-0.2863428430436882,False,False,False,True,False,False,True,False,True,False
R0312,-1.114737383878323,2.4608400694351213,1.060996386372097,1.779289410576724,2.091751263732179,1.262895566468105,1,0,1,0.10577012305927083,False,True,False,False,False,False,True,False,True,False
R0313,-0.20597576274373752,0.7612907265082209,1.6366944782719437,2.1497504254200313,2.397937783559206,-1.235594376613862,1,0,1,0.1956412327956404,False,False,False,True,False,True,False,False,True,False
R0314,-0.05194836933109591,0.34336875693603214,-0.30628658189003927,-0.7802594192497638,-0.8776802681752175,0.8927489082337394,0,0,0,-0.20968012691505505,True,False,False,False,True,False,False,True,False,False
R0315,-1.5152086067511912,1.555342468695379,0.6292228174472115,2.4985611212140544,2.397937783559206,-1.698277699406819,1,0,1,0.4572948868454445,False,False,True,False,True,False,False,False,True,False
R0316,0.5949666830019987,-0.2765488312627149,0.7011850789346928,-1.2469440743121123,-0.866126059879858,-1.1430577120552707,0,0,0,-1.365143579774462,False,False,True,False,False,True,False,False,False,True
R0317,-0.45241959220396427,1.1583165976017995,1.1329586478595777,0.03283034060113179,-0.17287356215828673,-0.21769106646935696,0,0,1,0.2827621009219753,False,True,False,False,True,False,False,False,True,False
R0318,0.7027858583908477,-0.1790337050292043,-1.4576827656897329,2.4985611212140544,2.397937783559206,-1.0505210474966793,1,0,0,0.4572948868454445,False,False,True,False,False,True,False,True,False,False
R0319,0.3793283322243007,-0.7989512932279509,-0.5221733663524817,1.3462830295910404,1.2136314332848555,-0.4027643955865397,0,0,0,0.3920200548265747,False,False,True,False,False,True,False,True,False,False
R0320,0.9184242091685463,-0.06758784647662054,-0.5221733663524817,-0.9582731536549894,-0.5772708524958701,0.05991892720641715,0,0,0,-1.015673573406518,False,False,False,True,False,False,True,False,False,True
R0321,-0.0211428906485677,-1.5024532753411355,0.557260555959731,-1.1555316161040232,-1.5478243493060697,0.15245559176500853,0,0,0,0.30997162512105686,True,False,False,False,False,True,False,True,False,False
R0322,0.6103694223432631,-0.9173625179400712,-0.23432432040255835,0.7448852782220347,0.7283546848797553,0.9852855727923309,0,0,0,0.2006173001976329,False,False,True,False,False,False,True,False,False,True
R0323,-1.700041478846361,1.221004893037628,2.21239257017179,-1.0400632478411742,-0.7736923935169818,-0.9579843829380879,0,0,1,-0.9772754740537627,False,False,True,False,False,False,True,False,True,False
R0324,-1.9618880476478517,-0.4437176190915903,0.2694115100098077,-0.9871402457207018,-0.6465961022680271,-0.8654477183794965,0,0,0,-1.0031494063153963,False,False,True,False,False,True,False,True,False,False
R0325,-1.9310825689653233,-0.7084015331539768,-0.8819846737898859,0.15310989087493293,0.11598164522570122,0.9852855727923309,0,0,0,0.09305794858817508,False,False,True,False,True,False,False,True,False,False
R0326,1.4729228254540556,0.6916370649128561,-0.01843753594011562,-0.34725303826407977,0.38172843601896983,0.9852855727923309,0,0,0,-0.8458143414183329,False,False,False,True,False,False,True,True,False,False
R0327,-0.6372524642991341,1.4021044131855762,2.2843548316592717,-1.222888164257352,-1.1087644340824079,-1.0505210474966793,0,0,1,-1.009443553780801,False,False,False,True,False,False,True,False,True,False
R0328,-0.23678124142626572,-0.09544931111476636,-0.30628658189003927,1.216381115295335,0.5088247272679247,1.540505560143879,0,0,0,1.0224594142544146,True,False,False,False,False,False,True,True,False,False
R0329,-0.1751702840612093,-1.33528448751226,0.05352472554736497,-0.39055367636264815,-0.5888250607912295,1.4479688955852876,0,0,0,0.15594205769842914,False,False,True,False,True,False,False,True,False,False
R0330,-0.6988634216641905,1.7085805242051817,0.12548698703484587,1.3174159375253278,1.4216071826013263,1.077822237350922,0,0,1,0.18779385096175083,False,False,True,False,False,True,False,False,True,False
R0331,-0.7142661610054549,-0.2765488312627149,-0.8100224123024049,0.6534728200139457,0.21996951988393673,-0.12515440191076557,0,0,0,0.6719411085642334,False,False,False,True,False,True,False,True,False,False
R0332,0.7952022944384329,-0.5899903084418565,0.3413737714972886,-1.4249578087173378,-1.5824869741921481,1.8181155538196532,0,0,0,-0.8345918345886053,False,False,True,False,True,False,False,True,False,False
R0333,0.9184242091685463,-0.06758784647662054,-1.6016072886646944,-1.4249578087173378,-1.5824869741921481,0.7076755791165568,0,0,0,-0.8345918345886053,False,False,True,False,True,False,False,True,False,False
R0334,0.11748176342281007,-1.0079122780140453,-0.8100224123024049,-1.4490137187720982,-1.6055953907828673,0.4300655854407826,0,0,0,-0.8903232988958275,False,False,True,False,False,False,True,True,False,False
R0335,-0.1751702840612093,-1.3074230228741137,0.3413737714972886,-0.7562035091950035,-0.7274755603355436,-0.49530106014513103,0,0,0,-0.399584870769931,False,False,False,True,True,False,False,True,False,False
R0336,1.5653392615016408,0.5383990094030534,-0.30628658189003927,-0.8909166055016609,-0.1382109372722085,0.15245559176500853,1,0,0,-1.2637378706096025,False,False,False,True,False,False,True,True,False,False
R0337,1.2572844746763576,-0.45764835141066346,0.9890341248846158,-0.10669393771647753,-0.26530722852116295,-1.975887693082593,0,0,0,0.18078952403225543,False,True,False,False,False,False,True,True,False,False
R0338,-1.207153819925908,2.4747708017541945,1.9245435242218674,0.41291371946634337,0.38172843601896983,0.8927489082337394,0,0,1,0.14964170298700344,False,True,False,False,True,False,False,False,True,False
R0339,-1.8540688722590024,1.5205156378976965,1.7806190012469054,0.2589558951158778,0.4394994774957674,1.262895566468105,0,0,1,-0.10930551178429154,False,True,False,False,True,False,False,False,True,False
R0340,-0.8374880757355683,-0.053657114157547384,0.1974492485223268,-1.3431677145311531,-0.9932223511288126,-0.7729110538209052,0,0,0,-1.4849990233158044,False,True,False,False,False,True,False,True,False,False
R0341,1.7655748729380745,-0.053657114157547384,-0.45021110486500077,-0.16442812184790193,-0.5194998110190725,0.05991892720641715,0,0,0,0.48671068004830353,True,False,False,False,False,False,True,True,False,False
R0342,1.1494652992875087,-0.06758784647662054,-0.8819846737898859,-0.47234377054883286,-0.27686143681652264,-0.032617737352174214,0,0,0,-0.435436999791031,False,False,False,True,True,False,False,True,False,False
R0343,-1.0069182084894737,1.5205156378976965,2.0684680471968284,-0.6263015948992985,0.09287322863498186,-0.4027643955865397,0,0,1,-1.0220735471489975,False,False,False,True,False,True,False,False,True,False
R0344,-0.3137949381325865,-0.06758784647662054,-0.5941356278399625,-0.05377093559600488,-0.10354831238612987,0.05991892720641715,0,0,0,0.04844225543472001,False,False,True,False,True,False,False,True,False,False
R0345,-0.8528908150768321,-0.33227176053900653,1.9965057857093478,-0.9630843356659414,-0.9007886847659364,0.8002122436751481,0,0,0,-0.6231505858852471,False,False,False,True,False,True,False,True,False,False
R0346,1.3651036500652067,-0.06758784647662054,0.4133360329847692,1.856268322751957,1.7335708065760338,-0.8654477183794965,0,0,0,0.4289574285268963,False,True,False,False,True,False,False,True,False,False
R0347,-1.0069182084894737,0.07171947671410905,0.12548698703484587,-0.44347667848312056,-0.057331479204691546,-1.3281310411724534,0,0,0,-0.6188087038056206,True,False,False,False,False,False,True,True,False,False
R0348,1.904199527009453,-0.26261809894364174,-1.7455318116396559,0.013585612557323594,-0.04577727090933227,-0.3102277310279483,0,0,0,0.081105357065245,False,False,True,False,True,False,False,True,False,False
R0349,1.0724516025811879,0.33640339077649506,-0.30628658189003927,1.1875140232296229,0.9478846424915864,1.3554322310266962,0,0,0,0.47892985329337967,True,False,False,False,False,True,False,False,False,True
R0350,-0.19057302340247312,0.26674972918113027,-1.3857205042022518,0.8555424644739315,0.5088247272679247,-1.4206677057310448,0,0,0,0.5711482910481721,True,False,False,False,False,True,False,False,False,True
R0351,0.9800351665336027,0.1901307014262294,0.2694115100098077,2.4985611212140544,2.397937783559206,-1.1430577120552707,0,0,0,0.4572948868454445,True,False,False,False,False,False,True,False,False,True
R0352,0.3639255928830363,0.3572994892551043,0.3413737714972886,-1.1603427981149754,-0.8083550184030605,-1.975887693082593,0,0,0,-1.2170543262847349,True,False,False,False,False,True,False,False,False,True
R0353,-0.4832250708864925,2.3981517739992935,1.6366944782719437,-0.32319712820931945,-0.09199410409077018,-0.4027643955865397,0,0,1,-0.3940495287166391,False,False,True,False,True,False,False,False,True,False
R0354,-1.0685291658545304,0.7055677972319283,0.05352472554736497,-0.688846961041675,-1.2127523087406435,1.1703589019095135,0,0,0,0.8623693297170888,False,False,False,True,False,False,True,False,False,True
R0355,-0.9761127298069455,-0.23475663430549595,-0.5221733663524817,-0.174050485869806,-0.19598197874900608,0.522602249999374,0,0,0,-0.02834331761078608,False,False,True,False,False,True,False,False,False,True
R0356,1.4575200861127913,0.19709606758576548,-0.16236205891507743,-0.9582731536549894,-1.0509933926056103,-0.6803743892623138,0,0,0,-0.35335570679249406,True,False,False,False,False,True,False,True,False,False
R0357,0.9184242091685463,-2.1780937928161737,-0.37824884337751985,-0.5108332266364493,-0.8083550184030605,-1.235594376613862,0,0,0,0.30224495107368443,False,False,False,True,True,False,False,True,False,False
R0358,1.657755697549226,-0.29744492974132414,-0.01843753594011562,-0.5974345028335861,-0.7621381852216224,-0.21769106646935696,0,0,0,0.013974064867625598,True,False,False,False,False,False,True,True,False,False
R0359,-0.2521839807675301,0.8936326835394134,-1.3857205042022518,-0.9197836975673731,-1.0278849760148914,-0.49530106014513103,0,0,0,-0.29160813948109454,False,True,False,False,False,True,False,True,False,False
R0360,-0.8836962937593603,-0.004899551040792322,0.12548698703484587,-1.0977974319725987,-0.8776802681752175,-0.5878377247037224,0,0,0,-0.9881015522211818,False,False,False,True,False,True,False,True,False,False
R0361,1.5191310434778489,0.6916370649128561,-0.30628658189003927,2.1256945153652715,1.6642455568038765,0.15245559176500853,0,0,0,0.7242888383622135,False,False,True,False,False,True,False,True,False,False
R0362,0.6257721616845269,-1.1332888688857017,0.557260555959731,1.9091913248724295,1.4562698074874054,-1.235594376613862,0,0,0,0.714997385853603,False,False,False,True,False,False,True,True,False,False
R0363,1.010840645216131,0.329438024616959,0.1974492485223268,0.3792354453896789,-0.10354831238612987,1.1703589019095135,0,0,0,0.7395124128442783,False,True,False,False,True,False,False,True,False,False
R0364,-0.4986278102277563,0.44088388316954225,-0.09039979742759652,-0.380931312340744,-0.06888568750005122,0.8927489082337394,0,0,1,-0.5093753998281754,True,False,False,False,False,True,False,False,True,False
R0365,-1.0685291658545304,0.3851609538932506,0.05352472554736497,0.68715109409061,0.7745715180611936,-0.032617737352174214,0,0,0,0.08992938594587442,False,False,False,True,False,False,True,True,False,False
R0366,1.5191310434778489,-0.5621288438037106,-1.0259091967648475,1.11053511105439,1.317619307943091,0.9852855727923309,0,0,0,0.07169731469993042,True,False,False,False,True,False,False,True,False,False
R0367,1.2264789959938294,-0.38799468981529867,-0.23432432040255835,0.3359348072911106,0.25463214477001533,-1.8833510285240016,0,0,0,0.1889977303996333,False,False,True,False,True,False,False,True,False,False
R0368,0.2561064174941873,-1.3074230228741137,-1.7455318116396559,2.4985611212140544,2.397937783559206,-0.9579843829380879,1,0,0,0.4572948868454445,False,False,True,False,False,True,False,True,False,False
R0369,-0.19057302340247312,0.05082337823549981,0.12548698703484587,-1.0304408838192702,-0.7274755603355436,0.05991892720641715,0,0,0,-1.008527850052557,True,False,False,False,True,False,False,True,False,False
R0370,-0.8990990331006247,0.21799216606437471,-0.5221733663524817,-0.22697348799027867,-0.8199092266984199,-0.49530106014513103,0,0,0,0.9951493052603955,False,True,False,False,True,False,False,True,False,False
R0371,0.3331201142005081,-0.06758784647662054,-0.6660978893274434,-0.8909166055016609,-0.7274755603355436,2.28079887661261,0,0,0,-0.6987147553298177,False,True,False,False,False,False,True,False,False,True
R0372,-1.1763483412433797,-0.36709859133668893,-1.0259091967648475,-0.8668606954469007,-0.7274755603355436,-1.4206677057310448,0,0,0,-0.6452987045155523,True,False,False,False,False,False,True,False,False,True
R0373,0.4101338109068289,0.022961913597353497,-0.5221733663524817,-0.8235600573483322,-1.5940411824875076,0.4300655854407826,0,0,0,2.1216527276633963,False,False,False,True,False,False,True,True,False,False
R0374,0.07127354539901748,0.16923460294762016,-0.8100224123024049,1.5242967639962661,1.2482940581709336,0.6151389145579653,0,0,0,0.5376334499246366,True,False,False,False,False,True,False,True,False,False
R0375,0.9492296878510745,0.2806804615002034,-0.8100224123024049,0.27338944114873404,0.35862001942825084,-1.0505210474966793,0,0,0,-0.009279313268453894,False,True,False,False,False,True,False,False,False,True
R0376,-0.5756415069340771,1.2419009915162373,-0.6660978893274434,-0.7610146912059557,-0.6350418939726676,-0.12515440191076557,0,0,1,-0.5408081284021669,False,False,True,False,False,False,True,False,True,False
R0377,-0.3908086348389073,-0.7780551947493416,-0.738060150814924,-0.895727787512613,-1.0394391843102508,-1.975887693082593,1,0,0,-0.20266732128166626,False,False,False,True,False,False,True,True,False,False
R0378,-0.0211428906485677,-0.42282152061298106,-0.8100224123024049,1.2308146613281912,1.0865351420359006,-0.3102277310279483,0,0,0,0.39082782419424333,False,True,False,False,False,True,False,False,False,True
R0379,-0.0057401513073033214,0.5801912063602719,-1.9614185961020985,-1.1507204340930712,-1.3976196414663957,0.6151389145579653,0,0,0,-0.17577161785815895,False,False,True,False,False,True,False,False,False,True
R0380,-1.3765839526798136,-0.0466917479980113,0.2694115100098077,-0.366497766307888,-0.4848371861329938,-1.3281310411724534,0,0,0,0.03540319586095423,False,False,True,False,False,True,False,True,False,False
R0381,-2.0543044836954367,0.4826760801267617,2.1404303086843095,-1.0689303399068866,-1.1434270589684865,-1.0505210474966793,0,0,1,-0.4944769139811554,False,False,False,True,False,True,False,False,True,False
R0382,-0.4062113741801717,-0.3810293236557621,-0.16236205891507743,0.023207976579227692,-0.39240351977011784,1.7255788892610617,0,0,0,0.6150002381094094,False,False,False,True,True,False,False,True,False,False
R0383,-1.022320947830738,-0.36013322517715285,-1.6016072886646944,2.4985611212140544,2.397937783559206,-0.49530106014513103,0,0,0,0.4572948868454445,False,True,False,False,False,False,True,True,False,False
R0384,-1.3611812133385495,1.0120439082515338,0.8451096019096547,-0.255840580055991,-0.022668854318613322,-0.3102277310279483,0,0,1,-0.3626499532219767,True,False,False,False,False,True,False,False,True,False
R0385,-1.037723687172002,-0.8268127578660966,1.7806190012469054,0.2204664390282614,0.03510218715818427,1.4479688955852876,0,0,0,0.2932527294974525,False,False,True,False,True,False,False,True,False,False
R0386,0.5641612043194705,-0.8755703209828523,0.2694115100098077,-0.9967626097426058,-0.38084931147475815,0.3375289208821913,0,0,0,-1.2656879804012346,False,False,True,False,False,True,False,True,False,False
R0387,-0.6218497249578697,-1.0566698411308009,0.12548698703484587,-0.4627214065269288,-1.0047765594241722,-0.032617737352174214,0,0,0,0.8930835589352918,False,True,False,False,True,False,False,True,False,False
R0388,-0.0981565873548885,0.6707409664342459,0.4852982944722501,-0.4338543144612165,-0.8430176432891389,0.15245559176500853,0,0,0,0.5590663161873384,False,False,False,True,True,False,False,False,False,True
R0389,1.1186598206049805,-0.5551634776441741,-0.23432432040255835,-0.5974345028335861,-0.600379269086589,0.4300655854407826,0,0,0,-0.24973313090172392,True,False,False,False,False,True,False,True,False,False
R0390,-2.17752639842555,-0.13027614191244874,-0.8100224123024049,-1.020818519797366,-1.1318728506731268,0.9852855727923309,0,0,0,-0.3736547490154338,False,False,False,True,True,False,False,True,False,False
R0391,-0.9915154691482099,-0.49247518220834585,-1.7455318116396559,-0.5060220446254973,0.3701742277236105,0.15245559176500853,0,0,0,-1.0462629657779996,False,False,True,False,True,False,False,False,False,True
R0392,2.1814488351522074,1.2140395268780921,0.12548698703484587,0.470647903597768,0.6359210185168795,2.095725547495427,0,0,0,-0.03410223558919951,False,False,False,True,False,True,False,False,False,True
R0393,-0.29839219879132267,-0.06758784647662054,0.4133360329847692,1.0864792009996298,0.8901136010147889,-0.7729110538209052,0,0,0,0.42640404736087545,False,False,False,True,False,False,True,True,False,False
R0394,0.5641612043194705,-0.6039210407609297,1.6366944782719437,0.14829870886398097,0.25463214477001533,0.8927489082337394,0,0,0,-0.06883651666976215,False,True,False,False,False,True,False,True,False,False
R0395,0.9184242091685463,-1.425834247586234,-0.01843753594011562,0.5572491797949046,0.6243668102215199,-1.513204370289636,0,0,0,0.08078253208212141,False,False,False,True,False,True,False,True,False,False
R0396,-0.7142661610054549,1.1095590344850448,0.3413737714972886,2.4985611212140544,2.397937783559206,-0.12515440191076557,1,0,0,0.4572948868454445,False,False,False,True,False,False,True,False,False,True
R0397,-0.06735110867236029,-1.6069337677341826,-1.1698337197398092,2.4528548921100106,1.6989081816899547,-0.49530106014513103,0,0,0,0.9820489125328443,False,False,True,False,True,False,False,True,False,False
R0398,-0.20597576274373752,1.025974640570607,-0.30628658189003927,1.5772197661167382,1.768233431462112,1.8181155538196532,0,0,0,0.16010669894835514,False,False,True,False,False,True,False,False,False,True
R0399,0.5641612043194705,1.1513512314422634,1.4927699552969818,0.4177249014772953,0.21996951988393673,-0.7729110538209052,0,0,0,0.3435780761950851,False,False,True,False,True,False,False,False,False,True
R0400,-0.2521839807675301,-0.32530639437947045,0.8451096019096547,-0.29433003614360714,-0.39240351977011784,-0.7729110538209052,0,0,0,0.032349470664704116,False,False,True,False,False,True,False,True,False,False
R0401,-0.9607099904656812,0.8100482896249754,0.4852982944722501,0.5909274538715691,1.2251856415802147,0.05991892720641715,0,0,1,-0.37230266631495756,True,False,False,False,False,True,False,False,True,False
R0402,1.8579913089856597,-0.18599907118874087,-0.5221733663524817,-0.9582731536549894,-0.9238971013566556,0.6151389145579653,0,0,0,-0.5751073650158145,False,True,False,False,True,False,False,True,False,False
R0403,-0.2521839807675301,0.2597843630215942,-0.01843753594011562,-0.6503575049540586,-1.247414933626722,0.6151389145579653,0,0,0,1.1070923818750262,False,True,False,False,False,True,False,False,False,True
R0404,0.6257721616845269,-1.8367908509988862,-0.9539469352773667,-1.1459092520821195,-1.1203186423777673,-0.7729110538209052,0,0,0,-0.7654848188476492,False,False,False,True,True,False,False,True,False,False
R0405,2.135240617128415,-0.29744492974132414,-0.16236205891507743,0.374424263378727,0.4626078940864868,-0.6803743892623138,0,0,0,0.015242849993467871,False,False,True,False,True,False,False,True,False,False
R0406,0.6257721616845269,-0.7084015331539768,-1.1698337197398092,2.4985611212140544,2.397937783559206,-0.7729110538209052,0,0,0,0.4572948868454445,False,False,True,False,False,True,False,True,False,False
R0407,-0.8528908150768321,0.8936326835394134,0.12548698703484587,0.10980925277636458,0.19686110329321777,-0.032617737352174214,0,0,0,-0.0604664564261544,False,False,False,True,False,True,False,False,False,True
R0408,1.0570488632399235,0.46874534780768856,0.8451096019096547,-1.3720348065968653,-0.17287356215828673,-0.8654477183794965,0,0,1,-2.031703687907744,False,False,False,True,True,False,False,False,True,False
R0409,0.6257721616845269,0.6637756002747098,1.4208076938095013,-0.19810639592456636,-0.057331479204691546,-0.8654477183794965,0,0,0,-0.23519424908031483,False,True,False,False,False,True,False,True,False,False
R0410,0.22530093881165908,-0.13027614191244874,0.4852982944722501,-0.24621821603408686,0.08131902033962259,1.540505560143879,0,0,0,-0.45361726063205365,False,False,True,False,False,True,False,False,False,True
R0411,2.1814488351522074,-1.2447347274382854,0.2694115100098077,-0.9630843356659414,-0.7736923935169818,0.8927489082337394,0,0,0,-0.8012416827136164,True,False,False,False,False,True,False,True,False,False
R0412,-0.6372524642991341,-1.599968401574646,-0.23432432040255835,-0.5685674107678739,-0.3461866865886795,-0.3102277310279483,0,0,0,-0.5251594463683797,False,False,True,False,False,False,True,True,False,False
R0413,-1.5460140854337192,-1.1123927704070924,0.05352472554736497,1.6830657703576832,1.2598482664662933,1.540505560143879,0,0,0,0.68383048761644,False,False,False,True,False,False,True,True,False,False
R0414,0.2407036781529229,-0.5412327453251009,-0.5941356278399625,2.4985611212140544,0.09287322863498186,-0.032617737352174214,0,0,0,3.5594901375719807,False,False,True,False,False,False,True,True,False,False
R0415,0.6873831190495838,-0.13027614191244874,-0.09039979742759652,0.797808280342507,0.13909006181642017,-0.6803743892623138,0,0,0,0.9934455473666013,False,False,False,True,False,True,False,True,False,False
R0416,1.1648680386287724,-0.23475663430549595,1.564732216784463,-0.8331824213702362,-1.3745112248756768,-0.6803743892623138,0,0,0,0.9470207419526234,True,False,False,False,True,False,False,True,False,False
R0417,-0.19057302340247312,-0.8059166593874875,0.12548698703484587,2.0727715132447986,1.4562698074874054,2.6509455348469753,0,0,0,0.8682867500251827,False,True,False,False,False,True,False,True,False,False
R0418,0.04046806671648927,0.8170136557845126,0.7011850789346928,-0.0008479334755324478,-0.4155119363608368,-1.235594376613862,0,0,0,0.6116295311903076,True,False,False,False,False,False,True,False,False,True
R0419,-1.3611812133385495,1.9384376074698852,0.12548698703484587,0.792997098331555,0.5665957687447223,0.7076755791165568,1,0,1,0.4272101301535944,False,False,False,True,False,False,True,False,True,False
R0420,1.4575200861127913,0.155303870628547,1.1329586478595777,-0.6022456848445381,-0.1382109372722085,-0.3102277310279483,0,0,0,-0.7957115206179439,True,False,False,False,True,False,False,True,False,False
R0421,0.5949666830019987,0.3155072922978858,0.4852982944722501,0.00877443054637165,-0.796800810107701,-0.4027643955865397,0,0,0,1.4850305220497424,False,True,False,False,False,True,False,True,False,False
R0422,1.211076256652565,-0.09544931111476636,0.8451096019096547,-1.136286888060215,-1.1087644340824079,-1.1430577120552707,0,0,0,-0.7567093247853054,False,False,False,True,True,False,False,True,False,False
R0423,1.9966159630570368,0.13440777214993777,-0.30628658189003927,-0.09226039168362128,-0.19598197874900608,-0.9579843829380879,0,0,0,0.10786761196559039,False,False,False,True,False,False,True,False,False,True
R0424,-1.0685291658545304,-1.0288083764926546,-0.738060150814924,1.6686322243248273,0.7283546848797553,0.6151389145579653,0,0,0,1.2728231201785243,True,False,False,False,False,False,True,True,False,False
R0425,-0.9607099904656812,-0.0466917479980113,-0.30628658189003927,-0.8764830594688047,-0.17287356215828673,1.077822237350922,0,0,0,-1.215299659656165,True,False,False,False,False,True,False,False,False,True
R0426,-1.869471611600267,1.9454029736294225,0.9170718633971352,0.5476268157730008,0.47416210238184603,-1.975887693082593,0,0,1,0.222954921447235,False,False,False,True,False,True,False,False,True,False
R0427,0.8722159911447537,-0.7641244624302684,0.1974492485223268,-0.6359239589212023,-0.3461866865886795,-0.49530106014513103,0,0,0,-0.6458609787346496,True,False,False,False,False,False,True,True,False,False
R0428,-0.15976754471994492,-0.8616395886637791,-0.738060150814924,-0.255840580055991,-0.5541624359051509,-0.9579843829380879,0,0,0,0.36793046328288603,False,False,False,True,False,True,False,True,False,False
R0429,0.055870806057753096,-1.3979727829480881,0.7011850789346928,2.4985611212140544,2.397937783559206,-0.7729110538209052,0,0,0,0.4572948868454445,False,True,False,False,True,False,False,True,False,False
R0430,0.7027858583908477,-0.7989512932279509,-1.1698337197398092,-0.8620495134359486,-0.7852466018123413,-0.8654477183794965,1,0,0,-0.5534873570257695,False,False,True,False,True,False,False,True,False,False
R0431,0.5333557256369422,-1.6765874293295473,-1.24179598122729,-0.6214904128883463,-0.3346324782933202,-0.7729110538209052,0,0,0,-0.6326279203689124,False,False,False,True,False,True,False,True,False,False
R0432,0.7181885977321121,0.7403946280296106,0.7011850789346928,-0.5204555906583533,0.31240318624681296,0.15245559176500853,0,0,0,-1.027364036392324,False,True,False,False,True,False,False,False,False,True
R0433,-1.4535976493861344,0.6289487694770274,0.1974492485223268,-0.7562035091950035,-0.7736923935169818,0.4300655854407826,0,0,1,-0.32815086848697306,False,False,True,False,False,True,False,False,True,False
R0434,-0.8066825970530396,0.23888826454298495,1.6366944782719437,1.115346293065342,1.051872517149822,2.1882622120540187,0,0,0,0.3023605750673952,True,False,False,False,False,True,False,False,False,True
R0435,0.31771737485924373,0.07171947671410905,-1.0259091967648475,2.4985611212140544,1.1327519752173385,0.6151389145579653,0,0,0,1.6474825535121478,False,False,False,True,False,True,False,False,False,True
R0436,1.211076256652565,-1.0009469118545087,-0.16236205891507743,-0.5108332266364493,-0.8199092266984199,0.9852855727923309,0,0,0,0.32605163490693573,False,False,True,False,False,False,True,True,False,False
R0437,-1.1301401232195871,0.4896414462862978,0.12548698703484587,-0.5300779546802574,-0.3115240617026013,1.1703589019095135,0,0,0,-0.4964705353502883,False,False,False,True,False,True,False,False,False,True
R0438,-1.1455428625608512,-0.8477088563447064,-1.313758242714771,1.2837376634486637,0.9594388507869457,0.7076755791165568,0,0,0,0.5712330443107464,False,True,False,False,True,False,False,True,False,False
R0439,-2.1467209197430215,-1.5721069369365002,-0.30628658189003927,0.10980925277636458,0.1737526867024988,-0.12515440191076557,0,0,0,-0.035168701881498406,True,False,False,False,True,False,False,True,False,False
R0440,-1.207153819925908,-0.5690942099632472,-0.30628658189003927,-1.126664524038311,-1.6055953907828673,-0.032617737352174214,0,0,0,0.7028534940999726,False,True,False,False,False,True,False,False,False,True
R0441,0.6565776403670557,-0.9521893487377536,-0.09039979742759652,-0.6984693250635791,-0.9816681428334532,1.1703589019095135,0,0,0,0.206779402611316,False,False,False,True,True,False,False,True,False,False
R0442,0.5795639436607348,-0.20689516966735014,-0.6660978893274434,-0.18848403190266227,-0.4848371861329938,-1.3281310411724534,0,0,0,0.37847534109068953,False,True,False,False,False,False,True,True,False,False
R0443,0.5179529862956779,-1.0218430103331184,0.12548698703484587,-0.10188275570552538,-0.4501745612469154,0.9852855727923309,0,0,0,0.4835605026925909,False,False,False,True,True,False,False,True,False,False
R0444,1.0570488632399235,-1.0566698411308009,1.1329586478595777,-0.6022456848445381,-0.7621381852216224,-1.6057410348482275,0,0,0,0.003053450034487367,True,False,False,False,False,True,False,True,False,False
R0445,0.19449546012913085,-0.49944054836788243,-1.1698337197398092,-0.9390284256111813,-0.6465961022680271,0.3375289208821913,0,0,0,-0.9014747164896221,False,False,True,False,False,True,False,True,False,False
R0446,0.9800351665336027,-0.15117224039105848,-0.23432432040255835,-0.9919514277316538,-0.4501745612469154,-0.6803743892623138,0,0,0,-1.2000342840829599,False,False,False,True,True,False,False,False,False,True
R0447,0.6257721616845269,-0.9103971517805346,0.6292228174472115,2.4985611212140544,2.3806064711161667,-1.975887693082593,0,0,0,0.4692724746860877,False,False,False,True,True,False,False,True,False,False
R0448,-0.15976754471994492,-0.7223322654730495,-0.738060150814924,-1.352790078553057,-1.5593785576014292,1.7255788892610617,0,0,0,-0.5588618222888314,True,False,False,False,False,True,False,True,False,False
R0449,0.4871475076131497,-0.0118649172003289,-0.5221733663524817,1.505052035952458,1.5833660987363596,-0.12515440191076557,0,0,0,0.23445417025620222,True,False,False,False,False,True,False,True,False,False
R0450,-0.06735110867236029,1.1513512314422634,0.4852982944722501,-0.15480575782599781,-0.06888568750005122,0.05991892720641715,0,0,0,-0.1540353941037385,False,True,False,False,False,True,False,False,False,True
R0451,2.1814488351522074,-0.29047956358178806,0.7011850789346928,-0.44347667848312056,-0.35774089488403915,1.077822237350922,0,0,0,-0.2863428430436882,False,False,False,True,False,True,False,False,False,True
R0452,-0.7604743790292475,-0.2835141974222515,0.3413737714972886,0.3070677152253985,0.00043956227210604365,-0.4027643955865397,0,0,0,0.47133593384952455,False,False,True,False,False,False,True,True,False,False
R0453,0.9338269485098101,-0.9382586164186805,-0.09039979742759652,-0.6359239589212023,-0.6350418939726676,1.077822237350922,0,0,0,-0.2782645800164346,False,False,True,False,False,True,False,True,False,False
R0454,1.211076256652565,0.26674972918113027,-0.5221733663524817,-0.4627214065269288,-0.23064460363508432,-0.12515440191076557,0,0,0,-0.47123910909978545,False,False,False,True,False,False,True,False,False,True
R0455,0.7797995550971685,1.1443858652827272,0.12548698703484587,2.4985611212140544,2.397937783559206,-0.6803743892623138,0,0,0,0.4572948868454445,False,False,True,False,False,False,True,False,False,True
R0456,0.995437905874867,-0.22779126814595937,0.4852982944722501,-0.5397003187021615,-0.6119334773819485,-1.1430577120552707,0,0,1,-0.1130149765366424,True,False,False,False,False,True,False,False,True,False
R0457,-1.3765839526798136,-0.21386053582688672,-2.177305380564541,0.7160181861563222,0.18530689499785807,0.522602249999374,0,0,0,0.8081594228480958,True,False,False,False,False,True,False,True,False,False
R0458,0.08667628474028131,-0.06758784647662054,-0.16236205891507743,-0.46753258853788093,-0.26530722852116295,0.522602249999374,0,0,0,-0.44039713431341493,False,True,False,False,False,True,False,True,False,False
R0459,-0.03654562998983153,-1.1263235027261655,0.6292228174472115,-1.3046782584435366,-1.1318728506731268,1.3554322310266962,0,0,0,-1.218146954315917,False,True,False,False,False,True,False,True,False,False
R0460,1.2572844746763576,0.002065815118744256,0.6292228174472115,1.3943948497005607,0.6012583936308009,-0.3102277310279483,0,0,0,1.1174309723552065,True,False,False,False,True,False,False,True,False,False
R0461,0.3639255928830363,0.3503341230955682,0.4852982944722501,-1.0304408838192702,-0.958559726242734,0.522602249999374,0,0,0,-0.7061386810362069,True,False,False,False,False,False,True,False,False,True
R0462,-0.4832250708864925,0.21102679990483864,-0.09039979742759652,0.09537570674350833,-0.19598197874900608,1.077822237350922,0,0,0,0.4203515092290432,False,False,True,False,False,True,False,False,False,True
R0463,-0.6064469856166059,-0.8964664194614614,-0.01843753594011562,-0.6647910509869146,-0.06888568750005122,-1.7908143639654102,0,0,0,-0.9554405133971484,False,False,True,False,False,True,False,True,False,False
R0464,-0.8220853363943039,2.00809126906525,2.1404303086843095,-0.36168658429693584,-0.04577727090933227,0.3375289208821913,0,0,1,-0.50262090787359,False,False,False,True,False,True,False,False,True,False
R0465,0.6719803797083195,-2.0039596388277614,-0.37824884337751985,-0.14037221179314177,-0.022668854318613322,-1.0505210474966793,0,0,0,-0.1848469780492662,False,False,False,True,True,False,False,True,False,False
R0466,-0.6064469856166059,-0.5760595761227834,-1.3857205042022518,1.8851354148176693,2.2304017632764928,0.7076755791165568,0,0,0,0.09981453222354147,False,False,False,True,False,True,False,True,False,False
R0467,-0.2213785020850019,1.6946497918861085,1.2768831708345394,-0.2317846700012306,-0.35774089488403915,-0.49530106014513103,0,0,1,0.0952362870083348,False,False,True,False,False,False,True,False,True,False
R0468,-0.4216141135214355,0.17619996910715624,1.060996386372097,1.2500593893719993,1.0865351420359006,-1.0505210474966793,0,0,0,0.4108181021938872,False,False,True,False,True,False,False,True,False,False
R0469,0.19449546012913085,-1.0288083764926546,1.2768831708345394,-1.1795875261587834,-0.17287356215828673,0.05991892720641715,0,0,0,-1.714653579848878,False,False,True,False,False,False,True,True,False,False
R0470,0.5025502469544141,-2.024855737306371,-0.16236205891507743,2.3518200698800173,1.8837755144157071,0.6151389145579653,0,0,0,0.7310744377843327,False,False,False,True,False,True,False,True,False,False
R0471,-1.237959298608436,-1.4049381491076247,1.564732216784463,1.649387496281019,-0.17287356215828673,-0.9579843829380879,0,0,0,2.945983008616447,False,False,True,False,False,False,True,True,False,False
R0472,-1.1917510805846439,-0.987016179535436,-1.6016072886646944,-0.6551686869650105,-0.9470055179473745,-0.3102277310279483,0,0,0,0.24266458725570722,False,False,True,False,False,True,False,True,False,False
R0473,-1.0839319051957945,-0.6108864069204657,0.3413737714972886,-1.0160073377864138,-0.9701139345380937,-1.4206677057310448,0,0,0,-0.6505033453641212,True,False,False,False,False,False,True,True,False,False
R0474,-1.0069182084894737,-0.903431785620998,0.7011850789346928,-0.8283712393592844,-1.5824869741921481,0.2449922563235999,0,0,0,2.0218314827042367,False,False,True,False,True,False,False,True,False,False
R0475,-0.2675867201087939,-0.9382586164186805,2.4282793546342325,0.45140317555395976,-0.18442777045364642,-0.49530106014513103,0,0,0,0.9926972753186516,False,False,False,True,True,False,False,True,False,False
R0476,1.3188954320414141,-0.06758784647662054,-2.10534311907706,-0.587812138811682,-1.1318728506731268,-0.5878377247037224,0,0,0,0.9145536997480154,True,False,False,False,False,False,True,False,False,True
R0477,0.8260077731209611,-0.21386053582688672,0.7011850789346928,-1.0737415219178386,-1.490053307829272,1.077822237350922,0,0,0,0.44260819706832005,False,False,True,False,False,True,False,True,False,False
R0478,-1.207153819925908,1.7573380873219373,1.2768831708345394,-0.7946929652826199,-0.4386203529515557,-1.3281310411724534,0,0,1,-0.8389728519464161,False,True,False,False,False,False,True,False,True,False
R0479,0.3793283322243007,-0.8825356871423888,-1.313758242714771,-0.7129028710964351,-0.17287356215828673,0.8002122436751481,0,0,0,-0.9458070678061289,True,False,False,False,False,False,True,True,False,False
R0480,0.4255365502480933,-0.9521893487377536,-1.7455318116396559,-0.8331824213702362,-1.3282943916942387,-0.9579843829380879,0,0,0,0.7730837796641744,False,True,False,False,False,True,False,True,False,False
R0481,-0.2675867201087939,-0.06758784647662054,1.1329586478595777,-0.8187488753373802,-1.1318728506731268,-0.3102277310279483,0,0,1,0.2275091937408423,False,False,True,False,True,False,False,False,True,False
R0482,1.1648680386287724,0.2946111938192766,0.7011850789346928,0.6101721819153773,0.9594388507869457,-0.032617737352174214,0,0,0,-0.1555261822608084,False,True,False,False,False,True,False,True,False,False
R0483,0.10207902408154569,0.16226923678808308,-0.09039979742759652,0.00877443054637165,0.15064427011177944,1.540505560143879,1,0,0,-0.1540707231955784,True,False,False,False,False,True,False,True,False,False
R0484,1.0878543419224518,-0.5760595761227834,-1.0978714582523283,0.22527762103921378,-0.17287356215828673,-0.5878377247037224,0,0,0,0.5998122089808411,False,False,False,True,False,False,True,True,False,False
R0485,1.1032570812637161,0.9981131759324606,0.1974492485223268,-0.12593866576028573,-0.18442777045364642,0.522602249999374,0,0,0,0.036405598038397054,False,False,True,False,False,True,False,False,False,True
R0486,0.4255365502480933,-0.3113756620603973,-0.30628658189003927,-0.07782684565076524,-0.7736923935169818,-0.032617737352174214,0,0,0,1.2231469176980658,False,False,True,False,False,False,True,True,False,False
R0487,0.7181885977321121,1.2627970899948466,0.557260555959731,2.4985611212140544,2.397937783559206,1.540505560143879,0,0,0,0.4572948868454445,False,False,True,False,False,True,False,False,False,True
R0488,-1.114737383878323,-0.3462024928580797,-0.37824884337751985,2.4985611212140544,2.172630721799695,-1.235594376613862,0,0,0,0.6202085559067358,False,True,False,False,True,False,False,True,False,False
R0489,0.5487584649782061,-1.3492152198313327,0.557260555959731,0.2493335310939739,-0.20753618704436536,0.2449922563235999,0,0,0,0.6957068728117606,False,True,False,False,False,False,True,True,False,False
R0490,-0.6064469856166059,0.9563209789752422,0.1974492485223268,0.6149833639263292,0.20841531158857704,-1.1430577120552707,0,0,0,0.633905953477582,False,True,False,False,False,True,False,False,False,True
R0491,0.6719803797083195,0.7403946280296106,1.852581262734386,-1.0689303399068866,-1.2820775585128006,-0.8654477183794965,0,0,1,-0.18805730954543975,False,False,False,True,False,True,False,False,True,False
R0492,0.7335913370733764,-1.2656308259168951,-0.8819846737898859,0.3118788972363504,0.6936920599936771,-0.3102277310279483,0,0,0,-0.2733510771215063,True,False,False,False,False,True,False,True,False,False
R0493,-0.9145017724418891,-0.2486873666245691,-1.7455318116396559,-1.131475706049263,-1.848233764985417,0.3375289208821913,0,0,0,2.457261866437903,False,True,False,False,True,False,False,True,False,False
R0494,-0.5602387675928133,-0.4367522529320537,0.12548698703484587,0.5716827258277609,0.3239573945421722,0.15245559176500853,0,0,0,0.4263345734359686,False,False,False,True,False,True,False,True,False,False
R0495,-0.2829894594500583,1.0050785420919977,-0.45021110486500077,-0.7754482372388116,-0.5541624359051509,-1.975887693082593,0,0,0,-0.6727398914044488,True,False,False,False,False,True,False,True,False,False
R0496,-0.45241959220396427,0.155303870628547,0.8451096019096547,-0.7850706012607157,-0.1382109372722085,-0.5878377247037224,0,0,0,-1.0921282089459943,False,True,False,False,False,True,False,False,False,True
R0497,0.3331201142005081,1.5483771025358428,1.6366944782719437,0.9998779248024928,0.9709930590823054,-0.7729110538209052,0,0,1,0.2542275911966776,False,False,False,True,False,False,True,False,True,False
R0498,-1.3919866920210777,1.0816975698468985,0.2694115100098077,1.0239338348572533,1.6411371402131572,0.15245559176500853,0,0,0,-0.2394924502537069,False,False,False,True,False,True,False,False,False,True
R0499,0.19449546012913085,-0.4367522529320537,0.6292228174472115,0.7352629142001303,0.24307793647465567,-0.6803743892623138,0,0,0,0.7536243559985878,False,False,False,True,False,False,True,True,False,False
R0500,0.5333557256369422,-0.7153668993135129,-1.5296450271772133,-1.136286888060215,-0.38084931147475815,0.05991892720641715,0,0,0,-1.5201773082091992,False,False,True,False,False,True,False,True,False,False
R0501,-0.9299045117831529,1.5483771025358428,-0.01843753594011562,-0.7850706012607157,-0.6581503105633866,0.7076755791165568,0,0,0,-0.5607232907262983,True,False,False,False,False,True,False,False,False,True
R0502,0.6565776403670557,-0.13027614191244874,1.852581262734386,-1.1170421600164069,-0.9354513096520151,0.05991892720641715,0,0,0,-0.962055885844146,True,False,False,False,False,False,True,True,False,False
R0503,-0.6834606823229267,2.2170522538513446,0.8451096019096547,-0.3568754022859839,0.18530689499785807,-1.698277699406819,0,0,1,-0.7068871649474837,False,True,False,False,False,True,False,False,True,False
R0504,1.2572844746763576,-1.0845313057689465,0.6292228174472115,-0.895727787512613,-1.7211374737364624,-0.9579843829380879,0,0,0,2.7359373120274486,True,False,False,False,False,False,True,True,False,False
R0505,0.995437905874867,1.2697624561543837,0.4852982944722501,0.02801915859017985,2.397937783559206,-0.9579843829380879,0,0,0,-1.3959347870107555,False,False,True,False,False,True,False,False,False,True
R0506,1.3497009107239428,1.9871951705866409,0.4133360329847692,0.5909274538715691,0.6359210185168795,1.540505560143879,0,0,0,0.10987071387112522,False,True,False,False,False,True,False,False,False,True
R0507,0.5025502469544141,-1.4606610783839165,-1.6735695501521752,-1.0304408838192702,-0.866126059879858,-0.6803743892623138,0,0,0,-0.8386139360338458,False,True,False,False,False,False,True,True,False,False
R0508,-1.0069182084894737,1.1931434283994817,0.4133360329847692,-0.4627214065269288,-0.1382109372722085,0.9852855727923309,0,0,1,-0.569498784788642,True,False,False,False,False,False,True,False,True,False
R0509,-0.0057401513073033214,-0.15813760655059458,-0.23432432040255835,2.4985611212140544,-1.1087644340824079,-1.0505210474966793,0,0,0,9.851107897775641,False,False,False,True,False,True,False,False,False,True
R0510,0.7335913370733764,0.06475411055457247,0.05352472554736497,-0.2221623059793265,-0.4848371861329938,-1.698277699406819,0,0,0,0.3135698001012803,False,False,True,False,True,False,False,True,False,False
R0511,-0.2213785020850019,1.3115546531116022,-0.45021110486500077,-0.20291757793551832,-0.06888568750005122,-0.8654477183794965,0,0,0,-0.2296396506408528,False,False,True,False,False,True,False,False,False,True
R0512,0.6103694223432631,-0.4088907882939079,-0.45021110486500077,-0.578189774789778,-0.14976514556756776,0.2449922563235999,0,0,0,-0.7458799916870946,False,False,False,True,False,False,True,False,False,True
R0513,-1.3457784739972853,1.0120439082515338,-0.30628658189003927,-1.0352520658302222,-0.36929510317939884,0.522602249999374,1,0,0,-1.34451164896122,False,False,True,False,False,True,False,False,False,True
R0514,0.31771737485924373,-0.45764835141066346,-0.23432432040255835,0.6149833639263292,1.2367398498755744,-1.3281310411724534,0,0,0,-0.3562276866674429,False,True,False,False,True,False,False,True,False,False
R0515,0.9800351665336027,-0.9312932502591439,0.05352472554736497,-1.0929862499616467,-0.8776802681752175,-0.5878377247037224,0,0,0,-0.976307288201392,False,False,False,True,False,True,False,True,False,False
R0516,0.6257721616845269,0.8309443881035857,0.9890341248846158,-0.34725303826407977,-0.9701139345380937,-0.21769106646935696,0,0,0,1.1009952644123557,False,False,True,False,False,True,False,False,False,True
R0517,0.5179529862956779,-0.33227176053900653,0.05352472554736497,0.5091373596853843,0.16219847840713914,-1.1430577120552707,0,0,0,0.546798481610068,False,False,True,False,True,False,False,True,False,False
R0518,-0.2213785020850019,0.7821868249868301,-0.8100224123024049,-0.6696022329978668,-1.3398485999895982,0.05991892720641715,0,0,0,1.4047464833232317,False,True,False,False,True,False,False,True,False,False
R0519,0.995437905874867,-2.400985509921341,0.7731473404221734,-1.107419795994503,-1.4322822663524744,0.522602249999374,0,0,0,0.09850246019945319,True,False,False,False,False,False,True,True,False,False
R0520,-0.19057302340247312,-1.599968401574646,0.9890341248846158,2.4985611212140544,2.218847554981133,1.262895566468105,1,0,0,0.5854723472232168,False,True,False,False,False,False,True,True,False,False
R0521,0.4101338109068289,-2.06664793426359,1.2768831708345394,-0.5637562287569217,-0.4155119363608368,-1.975887693082593,0,0,0,-0.4337711432910611,False,True,False,False,False,True,False,True,False,False
R0522,-0.6064469856166059,0.7752214588272931,0.557260555959731,-0.6070568668554902,0.18530689499785807,-0.3102277310279483,0,0,0,-1.0601715710702198,False,False,False,True,False,False,True,False,False,True
R0523,0.3793283322243007,-0.9312932502591439,-0.16236205891507743,0.9517661046929725,1.0403183088544627,1.1703589019095135,0,0,0,0.14074326385849345,True,False,False,False,False,False,True,False,False,True
R0524,0.055870806057753096,0.47571071396722464,1.34884543232202,-0.9582731536549894,-1.3745112248756768,-0.4027643955865397,0,0,0,0.47956515580241793,False,False,False,True,False,True,False,False,False,True
R0525,0.6873831190495838,-1.209907896640603,0.8451096019096547,-0.5397003187021615,-0.796800810107701,1.3554322310266962,0,0,0,0.21178611082243373,False,False,False,True,True,False,False,True,False,False
R0526,-0.08275384801362412,-1.8855484141156418,0.2694115100098077,-0.8187488753373802,-1.0509933926056103,0.9852855727923309,0,0,0,0.035318902950579045,False,False,True,False,False,True,False,True,False,False
R0527,0.025065327375224888,0.949355612815705,-1.313758242714771,-0.6070568668554902,-0.17287356215828673,-1.235594376613862,0,0,0,-0.7714295083737531,False,False,True,False,False,True,False,False,False,True
R0528,1.3342981713826785,0.4478492493290793,-1.0259091967648475,-1.208454618224496,-1.4553906829431933,-0.3102277310279483,0,0,0,-0.2372000762945642,False,False,True,False,False,True,False,True,False,False
R0529,-0.2521839807675301,1.1095590344850448,0.2694115100098077,-0.38574249435169616,-0.022668854318613322,1.4479688955852876,0,0,0,-0.5626783002912765,False,False,True,False,False,False,True,True,False,False
R0530,0.7952022944384329,-0.32530639437947045,-1.0978714582523283,-0.2414070340231347,-0.8199092266984199,2.558408870288384,0,0,0,0.9611273898186943,False,False,False,True,False,True,False,True,False,False
R0531,-0.652655203640398,-0.10241467727430294,0.1974492485223268,-0.2125399419574224,-0.04577727090933227,-1.6057410348482275,0,0,1,-0.2706271359107195,False,False,False,True,False,False,True,False,True,False
R0532,-0.3291976774738509,0.8797019512203402,1.1329586478595777,-0.28470767212170306,-0.20753618704436536,-0.7729110538209052,0,0,1,-0.19853035819689274,False,False,True,False,True,False,False,False,True,False
R0533,0.5025502469544141,0.9772170774538513,-0.09039979742759652,-0.05377093559600488,0.06976481204426291,-0.21769106646935696,0,0,0,-0.15743210707859423,False,False,True,False,True,False,False,True,False,False
R0534,-0.23678124142626572,-0.6039210407609297,-0.6660978893274434,-0.7225252351183392,-0.7621381852216224,0.522602249999374,0,0,0,-0.2699619207939802,False,True,False,False,False,False,True,True,False,False
R0535,-0.1443648053786811,-0.4437176190915903,0.9890341248846158,-0.5204555906583533,-1.1318728506731268,-1.975887693082593,0,0,0,1.114941680666774,False,False,True,False,False,False,True,True,False,False
R0536,-0.9299045117831529,1.5205156378976965,-0.9539469352773667,-0.0008479334755324478,-0.18442777045364642,1.7255788892610617,0,0,0,0.24360212811578555,True,False,False,False,True,False,False,False,False,True
R0537,-1.7616524362114176,-0.06758784647662054,0.12548698703484587,0.5187597237072883,0.9247762259008675,1.540505560143879,0,0,0,-0.22705672942108002,True,False,False,False,False,True,False,True,False,False
R0538,-0.1443648053786811,0.5871565725198089,0.3413737714972886,-0.24621821603408686,-0.3346324782933202,0.15245559176500853,0,0,0,0.03594227842731176,True,False,False,False,False,True,False,False,False,True
R0539,-0.4216141135214355,0.16923460294762016,-0.37824884337751985,0.7063958221344183,0.7052462682890364,-0.12515440191076557,0,0,0,0.17845019514077623,False,True,False,False,False,True,False,False,False,True
R0540,0.4871475076131497,0.6428795017961005,-1.0978714582523283,0.5909274538715691,0.8092341429472723,-0.21769106646935696,0,0,0,-0.050783972168735765,False,True,False,False,False,False,True,False,False,True
R0541,0.6411749010257913,-1.760171823243985,-1.24179598122729,-0.799504147293572,-0.8545718515844986,-0.21769106646935696,0,0,0,-0.296790517864368,False,True,False,False,False,True,False,True,False,False
R0542,-0.2675867201087939,-0.3044102959008607,0.2694115100098077,0.39848017343348713,0.19686110329321777,-1.975887693082593,0,0,0,0.34529950755743927,False,True,False,False,True,False,False,True,False,False
R0543,-0.4062113741801717,0.9005980496989505,2.0684680471968284,-0.9678955176768936,-1.4322822663524744,2.003188882936836,0,0,1,0.6537519026895572,False,False,False,True,False,True,False,False,True,False
R0544,1.7809776122793388,-0.23475663430549595,-1.0259091967648475,0.6294169099591855,0.49727051897256497,0.8927489082337394,0,0,0,0.3009535005646976,False,False,False,True,False,True,False,True,False,False
R0545,-0.9761127298069455,-0.7223322654730495,-0.8819846737898859,0.17235461891874113,-0.034223062613972594,0.4300655854407826,0,0,0,0.3123054064456421,False,True,False,False,False,True,False,True,False,False
R0546,0.31771737485924373,-0.2486873666245691,-0.9539469352773667,-1.0015737917535579,-1.085656017491689,-0.3102277310279483,0,0,0,-0.4089701208195404,False,True,False,False,True,False,False,True,False,False
R0547,0.3485228535417725,0.27371509534066735,-1.0259091967648475,-0.39055367636264815,-0.669704518858746,-0.49530106014513103,0,0,0,0.30027745654201043,False,False,True,False,True,False,False,False,False,True
R0548,-1.037723687172002,-0.053657114157547384,1.7806190012469054,-1.357601260564009,-1.5131617244199909,1.540505560143879,0,0,1,-0.7075665580361814,True,False,False,False,True,False,False,False,True,False
R0549,-1.022320947830738,-0.5342673791655649,1.34884543232202,-1.0833638859397425,-0.7505839769262628,-1.975887693082593,0,0,0,-1.101534620882101,False,False,False,True,False,False,True,False,False,True
R0550,1.1032570812637161,1.464792708621405,-0.5221733663524817,-0.3761201303297921,-0.17287356215828673,-0.6803743892623138,0,0,0,-0.39096937870311427,False,False,False,True,False,False,True,True,False,False
R0551,-2.008096265671644,2.0568488321820055,1.34884543232202,-0.28470767212170306,0.27774056136073433,0.4300655854407826,0,0,1,-0.6827611614866232,False,False,False,True,False,True,False,False,True,False
R0552,0.4563420289306215,2.189190789213199,0.9170718633971352,-0.8139376933264281,-0.6928129354494652,0.3375289208821913,0,0,1,-0.5759714896289518,False,False,True,False,False,True,False,False,True,False
R0553,-0.2675867201087939,-0.7989512932279509,-2.177305380564541,-0.9342172436002292,-0.39240351977011784,0.522602249999374,0,0,0,-1.1417801061556883,False,False,False,True,False,False,True,True,False,False
R0554,0.9184242091685463,-1.1681156996833841,-1.0259091967648475,-0.48196613457073695,-0.6350418939726676,1.7255788892610617,0,0,0,0.044865941073696514,False,False,False,True,False,True,False,True,False,False
R0555,0.14828724210533828,0.07171947671410905,-1.0978714582523283,1.1634581131748627,1.0172098922637434,0.2449922563235999,0,0,0,0.38550169476181256,True,False,False,False,False,False,True,False,False,True
R0556,1.1956735173113013,-0.5481981114846375,0.9170718633971352,1.1923252052405748,1.028764100559103,-0.12515440191076557,0,0,0,0.40504504777157574,True,False,False,False,False,False,True,True,False,False
R0557,1.4575200861127913,0.19709606758576548,0.4852982944722501,-0.15961693983694997,-0.022668854318613322,-1.8833510285240016,0,0,0,-0.21448080724471788,False,False,False,True,True,False,False,True,False,False
R0558,0.7027858583908477,-1.2725961920764313,1.060996386372097,-0.7129028710964351,-0.6234876856773082,-1.0505210474966793,0,0,0,-0.4558352426478103,False,True,False,False,False,False,True,True,False,False
R0559,0.11748176342281007,-0.945223982578217,-1.1698337197398092,0.15310989087493293,0.04665639545354395,0.9852855727923309,0,0,0,0.17751693090536172,False,False,True,False,False,False,True,True,False,False
R0560,0.7335913370733764,-0.4785444498892727,-1.0259091967648475,-0.255840580055991,0.08131902033962259,-0.4027643955865397,0,0,0,-0.4677930587327627,False,False,True,False,True,False,False,True,False,False
R0561,-0.29839219879132267,-0.3183410282199339,-0.5941356278399625,1.0528009269229655,1.4909324323734836,0.05991892720641715,0,0,0,-0.11210939729679384,False,True,False,False,False,True,False,True,False,False
R0562,-0.5756415069340771,-0.3113756620603973,-0.01843753594011562,0.27338944114873404,0.28929476965609396,-0.49530106014513103,0,0,0,0.06461479205846361,False,False,False,True,False,False,True,True,False,False
R0563,-0.5448360282515489,-0.13027614191244874,0.7731473404221734,-0.9486507896330854,-1.0625476009009698,2.003188882936836,0,0,0,-0.3039260348163109,False,False,True,False,False,False,True,True,False,False
R0564,-0.0981565873548885,0.08565020903318221,-0.37824884337751985,-0.3376306742421757,-0.01111464602325364,0.4300655854407826,0,0,1,-0.5001138784023786,False,False,False,True,False,False,True,False,True,False
R0565,0.1328845027640739,-0.8337781240256332,-1.1698337197398092,-1.1699651621368794,-1.362957016580317,0.05991892720641715,0,0,0,-0.3414064250637915,True,False,False,False,False,True,False,True,False,False
R0566,0.47174476827188533,-1.5024532753411355,0.4852982944722501,0.6197945459372812,0.7745715180611936,-0.032617737352174214,0,0,0,0.01291460223456035,True,False,False,False,False,True,False,True,False,False
R0567,-0.8990990331006247,-1.3701113183099425,-0.6660978893274434,-0.5589450467459698,0.18530689499785807,0.05991892720641715,0,0,0,-0.9922322622004628,False,True,False,False,False,False,True,True,False,False
R0568,-0.0211428906485677,-0.06758784647662054,-0.23432432040255835,-0.3087635821764634,-0.6581503105633866,-0.49530106014513103,0,0,0,0.45284627347438744,True,False,False,False,True,False,False,True,False,False
R0569,-0.3446004168151147,-0.06758784647662054,-0.30628658189003927,-0.4867773165816891,-0.17287356215828673,-1.513204370289636,0,0,0,-0.573273190836962,False,False,True,False,False,True,False,True,False,False
R0570,-1.7924579148939461,0.5662604740411987,-1.5296450271772133,-0.5733785927788257,-0.2999698534072416,-0.3102277310279483,0,0,0,-0.5854116806883586,False,False,False,True,True,False,False,False,False,True
R0571,-1.3919866920210777,-0.8198473917065601,0.2694115100098077,-0.270274126088847,-0.3115240617026013,0.4300655854407826,0,0,0,-0.03893443113430445,False,True,False,False,False,False,True,True,False,False
R0572,0.07127354539901748,-0.24172200046503253,1.060996386372097,0.16273225489683724,0.10442743693034154,-0.4027643955865397,0,0,0,0.1208400814490553,True,False,False,False,False,False,True,True,False,False
R0573,-0.45241959220396427,-0.945223982578217,-0.09039979742759652,-0.34725303826407977,-0.507945602723713,0.522602249999374,0,0,0,0.10899036972155902,False,False,True,False,True,False,False,True,False,False
R0574,0.2715091568354517,-1.0148776441735818,-1.0978714582523283,0.5283820877291926,0.38172843601896983,0.6151389145579653,1,0,0,0.3008502160612316,False,False,True,False,False,False,True,False,False,True
R0575,1.0724516025811879,-0.4158561544534445,-1.3857205042022518,2.4985611212140544,2.397937783559206,-0.6803743892623138,0,0,0,0.4572948868454445,False,False,False,True,True,False,False,True,False,False
R0576,-1.5460140854337192,-0.6666093361967579,0.12548698703484587,-1.0448744298521264,-0.6234876856773082,-0.3102277310279483,0,0,0,-1.147845631564049,False,False,True,False,False,True,False,True,False,False
R0577,-0.1443648053786811,-0.29744492974132414,0.12548698703484587,-0.7369587811511955,-0.9007886847659364,0.15245559176500853,0,0,0,-0.05980667437089714,False,True,False,False,False,True,False,False,False,True
R0578,0.19449546012913085,0.9214941481775597,0.8451096019096547,0.6727175480577539,1.2482940581709336,-0.12515440191076557,0,0,1,-0.3068587553758471,False,False,False,True,False,True,False,False,True,False
R0579,1.4729228254540556,-1.07756593960941,-0.37824884337751985,0.3263124432692067,0.5550415604493626,-0.032617737352174214,0,0,0,-0.13417789057953255,False,False,False,True,True,False,False,True,False,False
R0580,-0.0057401513073033214,0.14137313830947384,-0.23432432040255835,2.4985611212140544,-1.085656017491689,-1.0505210474966793,0,0,0,9.614776461420039,False,False,False,True,False,True,False,True,False,False
R0581,1.4729228254540556,-0.8686049548233157,-0.5221733663524817,-0.40017604038455223,-0.9354513096520151,-0.7729110538209052,0,0,0,0.8685121755607293,False,True,False,False,False,False,True,True,False,False
R0582,-0.5910442462753415,-1.223838628959676,-0.8100224123024049,2.4985611212140544,2.397937783559206,0.7076755791165568,0,0,0,0.4572948868454445,True,False,False,False,False,False,True,True,False,False
R0583,1.2264789959938294,0.06475411055457247,0.557260555959731,-0.255840580055991,0.3239573945421722,-1.975887693082593,0,0,0,-0.6809871576796681,False,False,False,True,False,False,True,True,False,False
R0584,-0.05194836933109591,-0.7153668993135129,-1.0259091967648475,-0.9294060615892772,-1.5478243493060697,-0.9579843829380879,0,0,0,1.344170149244417,False,False,True,False,False,True,False,True,False,False
R0585,0.47174476827188533,-1.161150333523848,0.1974492485223268,-0.47234377054883286,-0.4386203529515557,-1.4206677057310448,0,0,0,-0.2329792251627378,False,False,True,False,True,False,False,False,False,True
R0586,4.23001316754034,-1.1332888688857017,0.7731473404221734,0.8266753724082194,0.5665957687447223,-1.3281310411724534,0,1,0,0.46849005422285894,False,False,True,False,False,True,False,True,False,False
R0587,0.7335913370733764,-0.9173625179400712,0.557260555959731,0.7304517321891785,0.4626078940864868,-0.8654477183794965,0,0,0,0.4679272573920393,True,False,False,False,True,False,False,True,False,False
R0588,-0.4832250708864925,-0.5830249422823199,-1.24179598122729,-0.380931312340744,-0.1382109372722085,-0.9579843829380879,0,0,0,-0.43689131895767214,False,False,True,False,False,True,False,False,False,True
R0589,-1.7308469575288894,-0.8477088563447064,0.7011850789346928,-0.36168658429693584,-0.17287356215828673,1.540505560143879,0,0,0,-0.36719062059869917,False,False,False,True,True,False,False,True,False,False
R0590,-1.1763483412433797,-0.1790337050292043,2.2843548316592717,-0.7754482372388116,-1.0163307677195317,-1.975887693082593,0,0,1,0.07766154429274472,False,True,False,False,False,False,True,False,True,False
R0591,0.025065327375224888,0.4548146154886154,0.05352472554736497,-0.8716718774578527,-0.8314634349937794,2.28079887661261,0,0,0,-0.5069138658944085,False,False,True,False,False,False,True,False,False,True
R0592,0.1328845027640739,-0.025795649519401564,0.2694115100098077,0.3070677152253985,0.09287322863498186,1.6330422247024703,0,0,0,0.34639967045819287,False,False,False,True,False,False,True,True,False,False
R0593,0.11748176342281007,-0.06758784647662054,0.9170718633971352,-0.8861054234907088,-0.7736923935169818,-0.6803743892623138,0,0,0,-0.62520789137347,False,False,False,True,False,False,True,True,False,False
R0594,1.8579913089856597,0.7612907265082209,-0.37824884337751985,-1.0641191578959344,-0.47328297783763434,-1.1430577120552707,0,0,0,-1.318340944775296,False,False,False,True,False,True,False,True,False,False
R0595,0.14828724210533828,-0.06758784647662054,2.2843548316592717,-0.8476159674030925,-1.0047765594241722,-0.21769106646935696,0,0,1,-0.14150100420416473,True,False,False,False,False,False,True,False,True,False
R0596,0.14828724210533828,-0.5342673791655649,0.4852982944722501,-0.693658143052627,-0.7852466018123413,0.2449922563235999,0,0,0,-0.1655181458484732,False,True,False,False,False,True,False,True,False,False
R0597,-0.3291976774738509,0.27371509534066735,-0.5221733663524817,-1.1651539801259276,-0.669704518858746,0.8927489082337394,0,0,0,-1.3595796301591767,False,True,False,False,False,False,True,False,False,True
R0598,0.2561064174941873,1.3672775823878938,0.1974492485223268,-0.5060220446254973,-0.507945602723713,0.7076755791165568,0,0,0,-0.20089077092578475,True,False,False,False,True,False,False,False,False,True
R0599,-0.15976754471994492,-0.8546742225042425,0.7011850789346928,1.0720456549667736,0.739908893175115,1.3554322310266962,0,0,0,0.5676286319741111,False,False,False,True,False,False,True,True,False,False
R0600,-1.5614168247749838,2.105606395298761,1.564732216784463,0.6390392739810894,1.3291735162384506,1.540505560143879,0,0,1,-0.39458134195948125,False,False,False,True,True,False,False,False,True,False
R0601,-0.4216141135214355,-1.3143883890336503,0.2694115100098077,0.03764152261208395,-0.10354831238612987,0.2449922563235999,0,0,0,0.1943348442211824,False,False,True,False,False,True,False,True,False,False
R0602,0.3793283322243007,-1.3910074167885516,-0.9539469352773667,0.7112070041453702,0.5550415604493626,-1.7908143639654102,0,0,0,0.33948733109877255,False,False,True,False,True,False,False,True,False,False
R0603,-0.11355932669615233,-0.3183410282199339,-1.9614185961020985,0.3503683533239668,0.4394994774957674,-0.9579843829380879,0,0,0,0.007896902638306369,False,False,True,False,False,True,False,True,False,False
R0604,0.8722159911447537,1.0956283021659716,0.7011850789346928,-0.6118680488664422,0.011993770567465315,1.1703589019095135,0,0,0,-0.9388225480988918,False,False,False,True,False,True,False,True,False,False
R0605,1.0262433845573953,1.2279702591971642,0.1974492485223268,-0.13556102978218984,0.13909006181642017,0.6151389145579653,0,0,1,-0.3493286426798903,False,False,False,True,False,False,True,False,True,False
R0606,1.1648680386287724,-1.4745918107029896,-2.0333808575895795,-1.2036434362135437,-0.17287356215828673,0.8002122436751481,0,0,0,-1.7542848433562366,False,True,False,False,False,False,True,True,False,False
R0607,-0.4678223315452281,-1.7114142601272297,-1.24179598122729,-1.1603427981149754,-1.0278849760148914,-1.1430577120552707,0,0,0,-0.9497701941568648,True,False,False,False,False,True,False,True,False,False
R0608,1.442117346771528,0.2946111938192766,-2.177305380564541,-0.13556102978218984,-0.21909039533972505,-0.21769106646935696,0,0,0,0.06683704106540167,False,False,False,True,True,False,False,False,False,True
R0609,-0.3446004168151147,1.666788327247963,0.4133360329847692,2.4432325280881066,2.397937783559206,-1.8833510285240016,0,0,1,0.4157912037892691,False,False,True,False,False,False,True,False,True,False
R0610,0.9338269485098101,-0.4506829852511269,-0.37824884337751985,-0.029715025541244746,0.11598164522570122,-0.21769106646935696,0,0,0,-0.1724527343217847,False,False,True,False,False,False,True,True,False,False
R0611,-0.6834606823229267,1.123489766804117,1.6366944782719437,-1.2036434362135437,-1.4091738497617552,-0.4027643955865397,0,0,0,-0.34792681656474284,False,False,False,True,True,False,False,False,False,True
R0612,0.7027858583908477,0.47571071396722464,-1.5296450271772133,0.11943161679826847,0.9016678093101481,-1.975887693082593,0,0,0,-0.6472515493840306,False,True,False,False,True,False,False,True,False,False
R0613,0.7952022944384329,-1.33528448751226,-0.6660978893274434,0.9902555607805889,1.3291735162384506,1.262895566468105,0,0,0,-0.054003306577892964,False,True,False,False,False,False,True,True,False,False
R0614,-0.4216141135214355,0.3642648554146414,-0.09039979742759652,-0.05858211760695704,0.27774056136073433,-0.21769106646935696,0,0,0,-0.374799823192112,False,True,False,False,False,False,True,False,False,True
R0615,0.31771737485924373,0.34336875693603214,-1.24179598122729,-0.255840580055991,-1.0278849760148914,0.3375289208821913,0,0,0,1.5249191314240316,False,False,False,True,True,False,False,True,False,False
R0616,-0.2213785020850019,-1.1402542350452383,-1.0259091967648475,-0.46753258853788093,-0.9816681428334532,-0.032617737352174214,0,0,0,0.8168275415659608,False,False,False,True,True,False,False,True,False,False
R0617,1.5345337828191121,-0.060622480317083956,0.3413737714972886,-0.2414070340231347,-0.17287356215828673,-0.7729110538209052,0,0,0,-0.1690343030619081,True,False,False,False,False,False,True,True,False,False
R0618,0.2098981994703947,-2.2616781867306117,-0.5941356278399625,0.08094216071065229,0.023547978862824996,0.6151389145579653,0,0,0,0.09784223494084399,False,False,True,False,False,False,True,True,False,False
R0619,0.14828724210533828,1.562307834854916,0.7731473404221734,0.19641052897350125,0.04665639545354395,-0.21769106646935696,0,0,0,0.24224155052615903,False,False,True,False,False,True,False,False,False,True
R0620,0.6103694223432631,-0.7432283639516593,0.7011850789346928,0.7304517321891785,0.5434873521540033,-0.21769106646935696,0,0,0,0.37589557016426706,False,True,False,False,True,False,False,True,False,False
R0621,-0.5140305495690207,0.009031181278280835,0.7731473404221734,-0.7658258732169075,-0.4155119363608368,0.6151389145579653,0,0,0,-0.8090431802843729,False,False,True,False,False,False,True,True,False,False
R0622,-0.5602387675928133,1.4926541732595513,-0.45021110486500077,-0.6359239589212023,-0.9470055179473745,-1.3281310411724534,0,0,1,0.29222031843129487,True,False,False,False,False,True,False,False,True,False
R0623,-0.1751702840612093,-0.060622480317083956,-0.09039979742759652,-0.9967626097426058,-1.490053307829272,0.8927489082337394,0,0,0,0.7702266420624809,False,False,True,False,True,False,False,True,False,False
R0624,0.6257721616845269,-0.3810293236557621,-0.01843753594011562,0.2300888030501657,0.2315237281792964,-0.4027643955865397,1,0,0,0.06921952814115105,False,True,False,False,False,False,True,True,False,False
R0625,-0.11355932669615233,1.4926541732595513,-0.5941356278399625,-0.0008479334755324478,-0.18442777045364642,0.8927489082337394,0,0,0,0.24360212811578555,False,True,False,False,False,True,False,True,False,False
R0626,0.6257721616845269,-1.1332888688857017,0.2694115100098077,0.4417808115320559,0.24307793647465567,-0.49530106014513103,0,0,0,0.3485285760395916,False,True,False,False,False,True,False,True,False,False
R0627,-0.7912798577117757,1.666788327247963,0.3413737714972886,1.2211922973062868,2.0339802222553813,-0.3102277310279483,0,0,1,-0.3094151765041532,True,False,False,False,True,False,False,False,True,False
R0628,-0.23678124142626572,-0.3044102959008607,-0.01843753594011562,-0.7802594192497638,-0.8314634349937794,2.095725547495427,0,0,0,-0.2897714081657203,True,False,False,False,False,True,False,True,False,False
R0629,0.7643968157559047,0.3503341230955682,-0.8100224123024049,0.4754590856087199,0.39328264431432947,0.05991892720641715,0,0,0,0.21867750461220467,False,False,False,True,True,False,False,False,False,True
R0630,-0.5910442462753415,-0.060622480317083956,-0.23432432040255835,2.4985611212140544,2.080197055436819,1.6330422247024703,0,0,0,0.6918690809073813,False,False,True,False,False,False,True,True,False,False
R0631,0.4409392895893571,0.3503341230955682,-0.45021110486500077,0.27338944114873404,-0.21909039533972505,0.8927489082337394,0,0,0,0.7553758059569764,False,True,False,False,True,False,False,True,False,False
R0632,-0.6988634216641905,0.43391851701000617,-0.8819846737898859,-1.0496856118630784,-1.1665354755592054,-1.1430577120552707,0,0,0,-0.3895426532168494,False,True,False,False,True,False,False,False,False,True
R0633,0.7489940764146403,1.304589286952066,2.2843548316592717,0.22527762103921378,0.6936920599936771,-0.5878377247037224,0,0,1,-0.37502576694728,True,False,False,False,False,True,False,False,True,False
R0634,0.1636899814466021,-0.4088907882939079,-1.0978714582523283,-1.1892098901806878,-1.4207280580571147,-0.5878377247037224,0,0,0,-0.25988135325569833,False,False,True,False,True,False,False,True,False,False
R0635,0.17909272078786648,-0.46461371757020004,0.7011850789346928,-0.9967626097426058,-1.1318728506731268,1.262895566468105,0,0,0,-0.3020876129730197,True,False,False,False,False,False,True,True,False,False
R0636,-1.022320947830738,0.17619996910715624,-0.37824884337751985,2.4985611212140544,-0.17287356215828673,-0.3102277310279483,0,0,0,4.344966610426191,False,False,True,False,False,False,True,False,False,True
R0637,1.5345337828191121,1.1652819637613365,-0.8819846737898859,-1.1507204340930712,-1.2127523087406435,1.6330422247024703,0,0,0,-0.6119136727566361,False,False,True,False,False,False,True,False,False,True
R0638,-0.4370168528626999,1.6876844257265724,0.7731473404221734,-0.3713089483188399,-0.3346324782933202,-0.3102277310279483,0,0,1,-0.18691445450476296,False,False,False,True,False,False,True,False,True,False
R0639,-0.3446004168151147,1.297623920792529,-0.30628658189003927,-0.5348891366912094,-0.08043989579541092,-0.032617737352174214,0,0,0,-0.7407867788577541,False,False,False,True,False,True,False,False,False,True
R0640,1.1956735173113013,1.0608014713682894,1.1329586478595777,-1.1026086139835507,-0.17287356215828673,-1.975887693082593,0,0,1,-1.587833536625332,False,False,False,True,False,True,False,False,True,False
R0641,0.4563420289306215,0.4826760801267617,0.9890341248846158,1.1442133851310545,1.768233431462112,0.05991892720641715,0,0,1,-0.21471101354496475,False,True,False,False,False,False,True,False,True,False
R0642,-0.06735110867236029,1.2767278223139198,1.6366944782719437,-1.0977974319725987,-1.3282943916942387,-0.032617737352174214,0,0,0,-0.16977162889460334,False,True,False,False,True,False,False,False,False,True
R0643,1.3497009107239428,0.10654630751179145,0.12548698703484587,-0.35206422027503176,-0.2537530202258037,0.4300655854407826,0,0,0,-0.2558688368473039,False,False,False,True,False,True,False,True,False,False
R0644,-0.3908086348389073,-0.4158561544534445,0.05352472554736497,0.11462043478731652,0.41639106090504846,-1.975887693082593,0,0,0,-0.27327957593316143,False,True,False,False,False,False,True,True,False,False
R0064,1.010840645216131,0.9632863451347782,-1.1698337197398092,-1.1410980700711673,2.397937783559206,1.3554322310266962,0,0,0,-2.272925655067341,False,True,False,False,False,False,True,False,False,True
R0137,-0.4678223315452281,0.7891521911463663,0.3413737714972886,0.15310989087493293,0.7976799346519127,-0.5878377247037224,0,0,1,-0.5375169842058788,False,False,False,True,False,False,True,False,True,False
